fact_id,timeframe,applies_to,scope,statement,value,unit,period,source_id,quote,verification,checked_on,note
hormuz-closure-date,current,hormuz,status,Shipping through the Strait of Hormuz has been largely blocked by Iran since 28 February 2026.,28 February 2026,,since 2026-02-28,hormuzCrisis,has been largely blocked by Iran since 28 February 2026,auto,2026-09-14,
hormuz-transits-portwatch,current,hormuz,status,"IMF PortWatch recorded 2 transits through Hormuz on 2 August 2026, against a pre-crisis baseline of 73 a day.",73,transits per day,2026-08-02,straitsLive,"PortWatch recorded 2 transits on 2026-08-02, against a pre-crisis baseline of 73 per day",auto,2026-09-14,straits.live is an AI-assisted aggregator; the figure is attributed to IMF PortWatch.
hormuz-transits-lloyds,current,hormuz,status,"Lloyd’s List Intelligence counted 78 transits through Hormuz from 3 to 9 August 2026, down from 95 the week before.",78,transits per week,2026-08-03/09,lloydsHormuz,"Preliminary data show 78 transits during 3 to 9 August, down from 95 the previous week.",auto,2026-09-14,Weekly count; not comparable with the daily PortWatch series.
hormuz-oil-1h25,baseline,hormuz,chokepoint,"20.9 Mb/d of oil flowed through Hormuz in H1 2025, about one-quarter of maritime oil trade.",20.9,Mb/d,H1 2025,eiaChokepoints,"In 1H25, total oil flows through the strait averaged 20.9 million b/d, or the equivalent of about 20% of global petroleum liquids consumption, and one-quarter of total global maritime traded oil.",auto,2026-09-14,
hormuz-crude-1h25,baseline,hormuz|crude-gulf-china|crude-gulf-india|crude-gulf-japan|crude-gulf-korea|crude-gulf-europe-suez|crude-gulf-europe-cape,chokepoint,Crude oil and condensate through Hormuz: 14.7 Mb/d in H1 2025.,14.7,Mb/d,H1 2025,eiaChokepoints,Crude oil and condensate 14.4 14.7 16.2 15.8 14.6 14.7,auto,2026-09-14,"EIA table row; the six columns are 2020, 2021, 2022, 2023, 2024 and H1 2025."
hormuz-products-1h25,baseline,hormuz|products-gulf-europe|products-gulf-eafrica,chokepoint,Petroleum products through Hormuz: 6.1 Mb/d in H1 2025.,6.1,Mb/d,H1 2025,eiaChokepoints,Petroleum products 4.8 5.1 5.6 6.0 6.1 6.1,auto,2026-09-14,"EIA table row; the six columns are 2020, 2021, 2022, 2023, 2024 and H1 2025."
hormuz-lng-1h25,baseline,hormuz|lng-qatar-china|lng-qatar-europe,chokepoint,"11.4 Bcf/d of LNG, over 20% of global LNG trade, transited Hormuz in H1 2025, primarily from Qatar.",11.4,Bcf/d,H1 2025,eiaChokepoints,"In 1H25, 11.4 Bcf/d, or over 20% of global LNG trade, transited the Strait of Hormuz, primarily from Qatar (Table 3).",auto,2026-09-14,
hormuz-crude-asia-89,baseline,hormuz|crude-gulf-china|crude-gulf-india|crude-gulf-japan|crude-gulf-korea,chokepoint,89% of the crude and condensate that moved through Hormuz went to Asian markets in H1 2025 (EIA estimate).,89%,share,H1 2025,eiaChokepoints,We estimate that 89% of the crude oil and condensate that moved through the Strait of Hormuz went to Asian markets in 1H25.,auto,2026-09-14,
hormuz-top4-74,baseline,crude-gulf-china|crude-gulf-india|crude-gulf-japan|crude-gulf-korea,chokepoint,"China, India, Japan and South Korea were the top destinations of Hormuz crude, a combined 74% of flows in H1 2025.",74%,share,H1 2025,eiaChokepoints,"China, India, Japan, and South Korea were the top destinations, accounting for a combined 74% of all Hormuz crude oil and condensate flows in 1H25.",auto,2026-09-14,
iea-hormuz-crude-2025,baseline,hormuz,chokepoint,"In 2025 nearly 15 mb/d of crude, nearly 34% of global crude trade, passed through Hormuz.",34%,share of global crude trade,2025,ieaHormuz,"In 2025, nearly 15 mb/d of crude oil, nearly 34% of global crude oil trade, passed through the Strait of Hormuz",auto,2026-09-14,
iea-china-india-44,baseline,crude-gulf-china|crude-gulf-india,chokepoint,China and India combined received 44% of the crude exported through Hormuz in 2025.,44%,share,2025,ieaHormuz,China and India combined received 44% of these exports.,auto,2026-09-14,
iea-japan-korea,baseline,crude-gulf-japan|crude-gulf-korea,importer,IEA countries import about 29% of the crude coming through Hormuz; Japan and Korea are particularly reliant on it.,29%,share,2025,ieaHormuz,"IEA countries import about 29% of the crude oil coming through the Strait, with Japan and Korea particularly reliant on oil flows passing through the Strait.",auto,2026-09-14,
iea-europe-600kb,baseline,crude-gulf-europe-suez|crude-gulf-europe-cape,corridor,"Around 600 kb/d, just 4% of the Gulf’s crude flows, were routed to Europe in 2025.",600,kb/d,2025,ieaHormuz,"Around 600 kb/d, or just 4%, of the region’s crude flows are routed into Europe.",auto,2026-09-14,
iea-saudi-2025,baseline,crude-gulf-china|crude-gulf-japan|crude-gulf-europe-suez|crude-gulf-europe-cape,exporter,Saudi Arabia exported 5.43 mb/d of crude and 0.80 mb/d of products through Hormuz in 2025.,5.43,mb/d,2025,ieaHormuz,Saudi Arabia 5.43 0.80 6.23,auto,2026-09-14,"IEA table row: crude, products, total (mb/d), full year 2025, based on Kpler."
iea-iraq-2025,baseline,crude-gulf-india,exporter,Iraq exported 3.32 mb/d of crude through Hormuz in 2025.,3.32,mb/d,2025,ieaHormuz,Iraq 3.32 0.31 3.63,auto,2026-09-14,"IEA table row: crude, products, total (mb/d), full year 2025, based on Kpler."
iea-uae-2025,baseline,crude-gulf-korea|products-gulf-eafrica|fert-gulf-india,exporter,The UAE exported 2.02 mb/d of crude and 1.22 mb/d of products through Hormuz in 2025.,1.22,mb/d,2025,ieaHormuz,United Arab Emirates 2.02 1.22 3.24,auto,2026-09-14,"IEA table row: crude, products, total (mb/d), full year 2025, based on Kpler."
iea-products-5,baseline,products-gulf-europe,chokepoint,"Around 5 mb/d of oil products were exported via Hormuz in 2025, most of them to Asian markets.",5,mb/d,2025,ieaHormuz,"around 5 mb/d of oil products were exported via the Strait in 2025, with most products destined for Asian markets",auto,2026-09-14,
iea-bypass-capacity,baseline,hormuz|petroline|adcop,infrastructure,The IEA estimates 3.5 to 5.5 mb/d of available pipeline capacity to export Gulf crude while avoiding Hormuz.,5.5,mb/d,2025,ieaHormuz,There is an estimated 3.5 to 5.5 mb/d of available capacity to export crude out of the Gulf on alternative routes,auto,2026-09-14,
eia-bypass-capacity,baseline,hormuz|petroline|adcop,infrastructure,EIA puts the combined bypass capacity of the East-West and Abu Dhabi pipelines at about 4.7 million b/d.,4.7,million b/d,capacity,eiaChokepoints,Saudi Aramco’s East-West crude oil pipeline and the UAE’s Abu Dhabi pipeline together could provide about 4.7 million b/d of capacity to bypass the strait in the event of a supply disruption.,auto,2026-09-14,EIA and IEA estimates differ; both are shown.
iea-hormuz-lng-asia,baseline,lng-qatar-china|lng-qatar-europe,chokepoint,Almost 90% of the LNG exported via Hormuz in 2025 went to Asia; Europe’s share was just over 10%.,90%,share,2025,ieaHormuz,"In 2025, almost 90% of the total volumes exported via the Strait of Hormuz was destined to the Asian market, while the share of Europe was just over 10%.",auto,2026-09-14,
iea-hormuz-lng-share,baseline,hormuz|lng-qatar-china|lng-qatar-europe,importer,LNG shipped via Hormuz covered around 27% of Asia’s LNG imports and around 7% of Europe’s in 2025.,27%,share,2025,ieaHormuz,the share of LNG delivered via the Strait accounted for around 27% of Asia’s total LNG imports in 2025 and for just around 7% of Europe’s total LNG inflows during the same period of time,auto,2026-09-14,
hormuz-fertilizer-share,baseline,hormuz|fert-gulf-brazil|fert-gulf-india,market,In the 2020s the Gulf region has accounted for roughly 30–35% of global urea exports and around 20–30% of ammonia exports.,35%,share,2020s,hormuzCrisis,In the 2020s the region has accounted for roughly 30% – 35% of global urea exports and around 20% – 30% of ammonia exports.,auto,2026-09-14,
malacca-oil-1h25,baseline,malacca,chokepoint,"An estimated 23.2 Mb/d of oil went through Malacca in H1 2025, 29% of maritime oil flows — the largest chokepoint by oil volume.",23.2,Mb/d,H1 2025,eiaChokepoints,"This strait is the primary chokepoint in Asia and Oceania, with an estimated 23.2 million b/d of oil flow in 1H25, equivalent to 29% of total maritime oil flows, and it is the largest chokepoint in the world in terms of oil transit volume.",auto,2026-09-14,
malacca-crude-1h25,baseline,malacca,chokepoint,Crude oil and condensate through Malacca: 16.6 Mb/d in H1 2025.,16.6,Mb/d,H1 2025,eiaChokepoints,Crude oil and condensate 16.4 15.4 16.3 17.1 15.9 16.6,auto,2026-09-14,"EIA table row; the six columns are 2020, 2021, 2022, 2023, 2024 and H1 2025."
malacca-lng-1h25,baseline,malacca,chokepoint,About 9.2 Bcf/d of LNG flowed through Malacca in H1 2025.,9.2,Bcf/d,H1 2025,eiaChokepoints,"In 1H25, approximately 9.2 billion cubic feet per day (Bcf/d) of liquefied natural gas (LNG) flowed through the Strait of Malacca (Table 2).",auto,2026-09-14,
malacca-qatar-china-lng,baseline,malacca|lng-qatar-china,corridor,"Qatar-to-China LNG made up 28% of all LNG flows through Malacca in H1 2025, up from 14% in 2020.",28%,share,H1 2025,eiaChokepoints,"Flows from Qatar to China more than doubled since 2020, growing from 14% of total LNG flows through the Strait of Malacca in 2020 to 28% in 1H25.",auto,2026-09-14,
malacca-mideast-eastasia,baseline,malacca|crude-gulf-china|crude-gulf-japan|crude-gulf-korea,chokepoint,Most crude crossing Malacca is Middle East oil bound for East Asian countries.,,,H1 2025,eiaChokepoints,Most of the crude oil flows that traverse the Strait of Malacca are destined for East Asian countries from the Middle East (Figure 3).,auto,2026-09-14,
sunda-lombok-alternatives,baseline,sunda|lombok,chokepoint,EIA names the Sunda and Lombok straits as the alternative routes around Malacca.,,,structural,eiaChokepoints,"Alternative routes around the Strait of Malacca include two smaller Pacific Ocean chokepoints in the Indonesian archipelago, the Sunda Strait and the Lombok Strait (Figure 2).",auto,2026-09-14,No sourced volume is available for Sunda or Lombok.
suez-oil-1h25,baseline,suez,chokepoint,"About 4.9 Mb/d of oil transited Suez and SUMED in H1 2025, and an estimated 4.2 Mb/d the Bab el-Mandeb.",4.9,Mb/d,H1 2025,eiaChokepoints,"About 4.9 million b/d of crude oil and petroleum products transited the Suez Canal and the SUMED pipeline in 1H25, and an estimated 4.2 million b/d also transited the Bab el-Mandeb.",auto,2026-09-14,
suez-oil-2023,baseline,suez,chokepoint,Total oil through Suez and SUMED fell from 8.8 Mb/d in 2023 to 4.8 Mb/d in 2024.,8.8,Mb/d,2023,eiaChokepoints,Total oil flows through the Suez Canal and SUMED pipeline 5.4 5.2 7.3 8.8 4.8 4.9,auto,2026-09-14,"EIA table row; the six columns are 2020, 2021, 2022, 2023, 2024 and H1 2025."
suez-crude-row,baseline,suez|crude-gulf-europe-suez|crude-yanbu-europe,chokepoint,"Crude through Suez and SUMED: 4.5 Mb/d in 2023, 2.8 Mb/d in H1 2025.",2.8,Mb/d,H1 2025,eiaChokepoints,Crude oil and condensate 2.6 2.2 3.6 4.5 3.0 2.8,auto,2026-09-14,"EIA table row; the six columns are 2020, 2021, 2022, 2023, 2024 and H1 2025."
suez-lng-row,baseline,suez,chokepoint,"LNG through the Suez Canal: 4.1 Bcf/d in 2023, 0.9 Bcf/d in H1 2025.",0.9,Bcf/d,H1 2025,eiaChokepoints,LNG flows through the Suez Canal (billion cubic feet per day) 3.8 4.7 4.6 4.1 0.5 0.9,auto,2026-09-14,"EIA table row; the six columns are 2020, 2021, 2022, 2023, 2024 and H1 2025."
babelmandeb-row,baseline,babElMandeb,chokepoint,"Oil through Bab el-Mandeb: 9.3 Mb/d in 2023, 4.2 Mb/d in H1 2025.",9.3,Mb/d,2023,eiaChokepoints,Bab el-Mandeb 5.7 6.0 8.0 9.3 4.1 4.2,auto,2026-09-14,"EIA Table 1 row; the six columns are 2020, 2021, 2022, 2023, 2024 and H1 2025."
babelmandeb-lng-zero,baseline,babElMandeb|lng-qatar-europe,chokepoint,LNG flows via the Bab el-Mandeb were near zero in 2024 and H1 2025.,,,H1 2025,eiaChokepoints,LNG flows via the Bab el-Mandeb were near zero in 2024 and 1H25 (Table 4).,auto,2026-09-14,
red-sea-houthi-reroute,baseline,babElMandeb|suez|goodHope|crude-gulf-europe-cape|products-india-europe,status,"After Houthi attacks on shipping began in November 2023, some vessels switched to longer, costlier routes around the Cape of Good Hope.",November 2023,,2023–2025,eiaChokepoints,"However, after Yemen-based Houthi militia attacks on commercial ships transiting the Red Sea started in November 2023, some vessels began taking longer, more costly routes around the Cape of Good Hope, which avoids the Bab el-Mandeb as well as the Suez Canal.",auto,2026-09-14,
gulf-europe-via-suez,baseline,crude-gulf-europe-suez|products-gulf-europe,corridor,"Before 2024, most Gulf petroleum and gas exports to Europe passed through Suez or SUMED, Bab el-Mandeb and Hormuz.",2024,,before 2024,eiaChokepoints,"Prior to 2024, most exports of petroleum and natural gas from the Persian Gulf to Europe and the Atlantic coast of North America passed through the Suez Canal or the SUMED pipeline and both the Bab el-Mandeb and the Strait of Hormuz.",auto,2026-09-14,
russia-top-suez,baseline,suez|babElMandeb|crude-russia-baltic-india|crude-blacksea-india,exporter,In H1 2025 Russia moved more crude through the Suez Canal and Bab el-Mandeb than any other country.,,,H1 2025,eiaChokepoints,"In 1H25, Russia moved more crude oil and condensate through the Suez Canal and the Bab el-Mandeb than any other country.",auto,2026-09-14,
russia-west-to-india,baseline,crude-russia-baltic-india|crude-blacksea-india,exporter,"Since the war in Ukraine began in February 2022, most of Russia’s western exports have shifted from Europe to Asia, mainly India.",February 2022,,since 2022,eiaChokepoints,"After the war in Ukraine began in February 2022, most of Russia’s exports from the west of the country shifted from Europe to Asia, mainly India.",auto,2026-09-14,
cape-oil-1h25,baseline,goodHope,chokepoint,"About 9.1 Mb/d of seaborne oil, 11% of the total, went around the Cape in H1 2025, 3 Mb/d more than in 2022.",9.1,Mb/d,H1 2025,eiaChokepoints,"We estimate about 9.1 million b/d of seaborne-traded crude oil and petroleum products, or 11% of all seaborne-traded oil, went around the cape in both directions in 1H25, an increase of 3 million b/d from 2022 (Table 8).",auto,2026-09-14,
cape-crude-row,baseline,goodHope|crude-gulf-europe-cape,chokepoint,"Crude around the Cape: 5.1 Mb/d in 2023, 6.1 Mb/d in H1 2025.",6.1,Mb/d,H1 2025,eiaChokepoints,Crude oil and condensate 6.5 5.8 4.9 5.1 5.8 6.1,auto,2026-09-14,"EIA table row; the six columns are 2020, 2021, 2022, 2023, 2024 and H1 2025."
cape-products-row,baseline,goodHope|products-india-europe,chokepoint,"Petroleum products around the Cape: 1.1 Mb/d in 2023, 3.4 Mb/d in 2024, 2.9 Mb/d in H1 2025.",2.9,Mb/d,H1 2025,eiaChokepoints,Petroleum products 1.3 1.4 1.1 1.1 3.4 2.9,auto,2026-09-14,"EIA table row; the six columns are 2020, 2021, 2022, 2023, 2024 and H1 2025."
cape-lng-row,baseline,goodHope|lng-qatar-europe,chokepoint,"LNG around the Cape: 2.1 Bcf/d in 2023, 7.8 Bcf/d in 2024, 5.7 Bcf/d in H1 2025.",5.7,Bcf/d,H1 2025,eiaChokepoints,LNG flows around the cape (billion cubic feet per day) 3.5 3.3 1.5 2.1 7.8 5.7,auto,2026-09-14,"EIA table row; the six columns are 2020, 2021, 2022, 2023, 2024 and H1 2025."
cape-crude-origins,baseline,goodHope|crude-wafrica-china|crude-brazil-china,chokepoint,"Crude going around the Cape came mostly from West Africa (28%), South America and Mexico (29%) and the United States (23%).",28%,share,H1 2025,eiaChokepoints,"Most of the crude oil flows going around the cape originated from the United States (23%), West Africa (28%), and South America and Mexico (29%) (Figure 14).",auto,2026-09-14,
cape-crude-eastbound,baseline,goodHope|crude-wafrica-china|crude-brazil-china,chokepoint,Most crude going around the Cape moved eastbound to Asian markets: 5.2 Mb/d in H1 2025.,5.2,Mb/d,H1 2025,eiaChokepoints,Most crude oil volumes traveling around the cape move eastbound to Asian markets (5.2 million b/d) in 1H25.,auto,2026-09-14,
cape-15-days,baseline,goodHope|crude-gulf-europe-cape,chokepoint,Diverting tankers from Suez and SUMED around the Cape adds about 15 days from the Arabian Sea to Europe.,15,days,structural,eiaChokepoints,"For example, closure of the Suez Canal and the SUMED Pipeline would require oil tankers to divert around the cape, adding approximately 15 days to transit from the Arabian Sea to Europe.",auto,2026-09-14,
panama-oil-fy25,baseline,panama|products-usgulf-southamerica,chokepoint,"More than 2.3 Mb/d of oil went through Panama in FY2025, about 2.2 Mb/d of it refined products.",2.2,Mb/d,FY2025 (Oct 2024–Sep 2025),eiaChokepoints,"More than 2.3 million b/d of petroleum and other liquids were transported through the canal in FY 2025 (October 1, 2024–September 30, 2025), most of which (about 2.2 million b/d) were refined oil products (Table 7).",auto,2026-09-14,
panama-share-3,baseline,panama|lng-us-japan,chokepoint,Panama carried only 3% of global maritime oil flows in FY2025 but is an important route for products and for LNG from the US Gulf Coast to western South America and Asia.,3%,share,FY2025,eiaChokepoints,"Although only 3% of total global maritime petroleum and petroleum product flows went through the Panama Canal in FY2025, the waterway is an important route for petroleum products—which, unlike crude oil, travel on smaller vessels able to navigate the narrow canal—and LNG traveling from the U.S. Gulf Coast to western South America and to Asia.",auto,2026-09-14,
turkish-oil-1h25,baseline,turkishStraits|crude-blacksea-india|grain-ukraine-egypt|grain-russia-egypt,chokepoint,"An estimated 3.7 Mb/d of oil flowed through the Turkish Straits in H1 2025, 5% of maritime trade.",3.7,Mb/d,H1 2025,eiaChokepoints,"An estimated 3.7 million b/d of crude oil and petroleum products flowed through the Turkish Straits in 1H25, equivalent to 5% of global maritime trade.",auto,2026-09-14,Dardanelles measurement; EIA gives 3.3 Mb/d for the Bosporus.
bosporus-row,baseline,turkishStraits,chokepoint,Oil through the Bosporus: 3.3 Mb/d in H1 2025.,3.3,Mb/d,H1 2025,eiaChokepoints,Total oil flows through the Bosporus Strait 2.9 3.0 2.9 3.3 3.3 3.3,auto,2026-09-14,"EIA table row; the six columns are 2020, 2021, 2022, 2023, 2024 and H1 2025."
turkish-kazakhstan,baseline,turkishStraits|crude-blacksea-india,chokepoint,Kazakhstan is the largest exporter through the Turkish Straits.,,,H1 2025,eiaChokepoints,"Kazakhstan, the largest exporter through the Turkish Straits, and Russia increased crude oil and condensate sent through the straits by 400,000 b/d between 2022 and 1H25.",auto,2026-09-14,
danish-oil-1h25,baseline,danishStraits|crude-russia-baltic-india|products-russia-turkey|fert-russia-brazil,chokepoint,"An estimated 4.9 Mb/d of oil flowed through the Danish Straits in H1 2025, 6% of maritime trade.",4.9,Mb/d,H1 2025,eiaChokepoints,"An estimated 4.9 million b/d of crude oil and petroleum products flowed through the Danish Straits in 1H25, equivalent to 6% of global maritime trade.",auto,2026-09-14,
danish-russia-asia-turkiye,baseline,danishStraits|crude-russia-baltic-india|products-russia-turkey,exporter,"Russia remained the largest oil exporter through the Danish Straits in H1 2025, shipping most of it to Asia and Türkiye rather than western Europe.",,,H1 2025,eiaChokepoints,"Although Russia remained the largest oil exporter through the Danish Straits in 1H25, it shipped most of these volumes from the Baltic Sea to Asia and Türkiye, instead of to western Europe and the United States, representing a shift from the historical pattern.",auto,2026-09-14,
petroline-design,baseline,petroline|crude-yanbu-europe,infrastructure,The East-West (Petroline) system has two lines with a total design capacity of 5 mb/d.,5,mb/d,2025,ieaHormuz,The system is composed of two lines with a total design capacity of 5 mb/d of crude oil.,auto,2026-09-14,
petroline-used,baseline,petroline|crude-yanbu-europe,infrastructure,"As of early 2026 about 2 mb/d of Petroline capacity was used, leaving 3 to 5 mb/d spare.",2,mb/d,"early 2026, before the war",ieaHormuz,"As of early 2026, it is estimated that about 2 mb/d of the pipeline’s capacity is used, leaving between 3 and 5 mb/d of spare capacity",auto,2026-09-14,
petroline-attack,current,petroline|crude-yanbu-europe,status,"Iran attacked Saudi Arabia’s East-West pipeline in April 2026, cutting throughput by roughly 700,000 b/d.","700,000",b/d,2026-04,hormuzBypass,"Saudi's East-West pipeline was attacked by Iran in April , cutting throughput by roughly 700,000 barrels per day.",auto,2026-09-14,
saudi-red-sea-shift,baseline,crude-yanbu-europe,exporter,Saudi volumes through Suez and SUMED fell only 10% from 2023 to 2024 as Saudi Arabia exported more via the East-West pipeline and Red Sea terminals.,10%,change,2023–2024,eiaChokepoints,Saudi volumes transiting Suez and SUMED declined only 10% as Saudi Arabia increased exports via the East-West crude oil pipeline and Red Sea terminals.,auto,2026-09-14,
adcop-capacity,baseline,adcop|crude-fujairah-india,infrastructure,"ADCOP, from Habshan to Fujairah, has a nameplate capacity of 1.5 mb/d, reportedly close to 1.8 mb/d today.",1.5,mb/d,2025,ieaHormuz,The original nameplate capacity of the line is 1.5 mb/d with a reported current capacity close to 1.8 mb/d.,auto,2026-09-14,
adcop-use,baseline,adcop|crude-fujairah-india,infrastructure,"The UAE exports around 1.1 mb/d of crude via ADCOP, leaving room for up to 700 kb/d more.",1.1,mb/d,2025,ieaHormuz,"The UAE exports around 1.1 mb/d of domestic crude via this route, leaving room for up to 700 kb/d of additional volumes in the case of a Strait closure.",auto,2026-09-14,
uae-new-pipeline,baseline,adcop,infrastructure,By 2027 the UAE plans another 1.5 million b/d pipeline from Jebel Dhanna to Fujairah.,1.5,million b/d,2027,eiaChokepoints,"By 2027, the UAE plans to build another 1.5 million b/d pipeline circumventing the strait, from the Jebel Dhanna export terminal to Fujairah.",auto,2026-09-14,
goreh-jask,baseline,gorehJask,infrastructure,"The Goreh-Jask pipeline has a reported capacity of 1 mb/d, but the pipeline and port effectively remain non-operational.",1,mb/d,2025,ieaHormuz,"The pipeline has a reported capacity of 1 mb/d. However, the pipeline and port effectively remain non-operational.",auto,2026-09-14,
russia-oil-2025,baseline,crude-russia-baltic-india|crude-russia-pacific-china|crude-blacksea-india|products-russia-turkey,exporter,"Russia exported about 238 million tons of oil in 2025, around 4.8 million b/d, according to Deputy PM Novak.",238,million tons,2025,russiaOil,"Last year, Russian oil exports were about 238 million tons, or around 4.8 million barrels per day (bpd), basically flat compared to the 240 million tons Russia exported in 2024, according to Russia’s top oil official representing Moscow at the OPEC+ meetings.",auto,2026-09-14,
russia-oil-80-china-india,baseline,crude-russia-baltic-india|crude-russia-pacific-china|crude-blacksea-india,exporter,Russia exports around 80% of its oil to India and China (Novak).,80%,share,2025,russiaOil,"Today, Russia exports around 80% of its oil to India and China, Novak was quoted as saying by the Russian news agency TASS .",auto,2026-09-14,
russia-oil-europe-25,baseline,crude-russia-baltic-india,exporter,"Russia sent 25 million tons of oil to Europe in 2025, against 175 million tons a year previously (Novak).",25,million tons,2025,russiaOil,"Russia sent 25 million tons to Europe last year, compared to 175 million tons per year previously, Novak said.",auto,2026-09-14,
vortexa-india-20,baseline,crude-russia-baltic-india|crude-blacksea-india,importer,"Russian oil fell to 20% of India’s crude imports in February 2026 (about 1.1 mbd), from 36% in November 2025.",20%,share,2026-02,vortexaRussia,"The share of Russian oil in India’s total crude imports has been on a downward revision since last December, falling to 20% this February (~1.1mbd, days 1-24), compared to 36% in November 2025.",auto,2026-09-14,
vortexa-china-18,baseline,crude-russia-pacific-china,importer,"Russian oil rose to 18% of China’s seaborne crude imports in February 2026 (about 1.9 mbd), from 11% in November 2025.",18%,share,2026-02,vortexaRussia,"In contrast, share of Russian oil in China’s total seaborne crude imports rose to 18% in February, reflective of ~1.9mbd (days 1-24), compared to 11% last November.",auto,2026-09-14,
espo-kozmino-loadings,baseline,crude-russia-pacific-china,corridor,"ESPO loadings from Kozmino were expected at 4 million tons (about 970,000 bpd) in July 2025; Chinese refiners buy a lot of ESPO crude.","970,000",bpd,2025-07,espoOilprice,"ESPO loadings from Kozmino are expected at 4 million tons, or about 970,000 barrels per day (bpd) in July, up from 3.6 million tons in June.",auto,2026-09-14,The same article states: “Chinese refiners are buying a lot of ESPO crude from Russia”.
us-crude-exports-2025,baseline,crude-usgulf-europe,exporter,The United States exported 4.0 million b/d of crude in 2025.,4.0,million b/d,2025,eiaUsCrude,"In 2025, the United States exported 4.0 million b/d of crude oil, 85 times as much as in 2011, but slightly less than in 2023 and 2024.",auto,2026-09-14,
us-crude-europe-top,baseline,crude-usgulf-europe,corridor,Europe became the top destination for US crude exports in 2023.,2023,,2023–2025,eiaUsCrude,Europe became the top export destination in 2023 following the effects of the war in Ukraine and the inclusion of West Texas Intermediate (WTI) crude oil in Dated Brent; exports to Europe increased further in 2024.,auto,2026-09-14,
us-crude-netherlands,baseline,crude-usgulf-europe,corridor,"The Netherlands imported about 80,000 b/d more US crude in 2025, although overall exports to Europe decreased.","80,000",b/d,2025,eiaUsCrude,"Although overall crude oil exports to Europe decreased in 2025, the Netherlands imported about 80,000 b/d more U.S.",auto,2026-09-14,Quote truncated at a line break in the source (“…more U.S. crude oil”).
angola-china-58,baseline,crude-wafrica-china,corridor,China took 58.57% of Angola’s crude exports in 2025.,58.57,percent,2025,angolaExports,"China remained Angola’s largest crude oil buyer in 2025, accounting for 58.57 percent of total exports.",auto,2026-09-14,
angola-exports-2025,baseline,crude-wafrica-china,exporter,Angola exported 357.10 million barrels of crude in 2025.,357.10,million barrels,2025,angolaExports,"bringing total annual exports to 357.10 million barrels, according to the Ministry of Mineral Resources, Petroleum and Gas.",auto,2026-09-14,
brazil-crude-china-45,baseline,crude-brazil-china,corridor,"China absorbed 45% of Brazil’s exported crude volume in 2025, across 28 destinations.",45%,share,2025,brazilCrude,"Throughout the year, exports reached 28 destinations, with China absorbing 45% of the exported volume.",auto,2026-09-14,
guyana-europe-66,baseline,crude-guyana-europe,corridor,"In 2024, 66% of Guyana’s oil exports went to Europe and 29% to the United States.",66,percent,2024,guyanaDestinations,"In 2024, Guyana’s oil exports primarily went to Europe (66 percent) and the United States (29 percent).",auto,2026-09-14,
guyana-production-late-2025,baseline,crude-guyana-europe,exporter,"Guyana was producing roughly 900,000 barrels per day as of late 2025.","900,000",barrels per day,late 2025,guyanaDestinations,"As of late 2025, Guyana was producing roughly 900,000 barrels per day",auto,2026-09-14,
guyana-quarter-billion,baseline,crude-guyana-europe,exporter,"Guyana’s average oil output in 2025 was above 700,000 bpd, highest in the final quarter.","700,000",bpd,2025,guyanaOil,"Average national output for the year stood above 700,000 bpd, with the highest rates recorded in the final quarter.",auto,2026-09-14,
guyana-stabroek,baseline,crude-guyana-europe,infrastructure,"All Guyanese crude comes from the Stabroek block, in production since 2019.",2019,,2019–2024,eiaGuyana,"Since starting production in 2019, Guyana has increased its crude oil production to 645,000 barrels per day (b/d) as of early 2024, all from the Stabroek block.",auto,2026-09-14,
eu-diesel-russia-50,baseline,products-gulf-europe|products-india-europe|products-usgulf-europe,importer,"Russia supplied 50% of Europe’s diesel imports in 2022, before the EU ban (Vortexa data).",50%,share,2022,eiaDieselEurope,"Before the ban, Russia supplied a significant portion of Europe’s diesel imports, accounting for 50% in 2022, according to data from Vortexa.",auto,2026-09-14,
eu-diesel-mideast-us,baseline,products-gulf-europe|products-usgulf-europe,importer,"After the ban, Europe imported more diesel from the Middle East and the United States.",,,2023–2025,eiaDieselEurope,The ban reoriented trade flows as Europe imported more diesel from the Middle East and the United States rather than Russia.,auto,2026-09-14,
reliance-europe-july,current,products-india-europe,corridor,"About 4 to 5 million barrels of diesel were loaded at Jamnagar for Europe in July 2026, back to pre-war levels.",5 million,barrels,2026-07,relianceDiesel,About 4 million to 5 million barrels of the industrial and transport fuel were loaded at the refiner’s Jamnagar site this month for Europe,auto,2026-09-14,
reliance-diesel-2025,baseline,products-india-europe,exporter,Reliance’s diesel exports were at three-year highs in 2025 (Kpler).,,,2025,relianceDiesel,"Its diesel exports were at three-year highs in 2025, Kpler data showed.",auto,2026-09-14,
us-distillate-brazil,baseline,products-usgulf-brazil,corridor,"US distillate exports to Brazil averaged 103,000 bpd in 2025, more than double 2024.",103 000,bpd,2025,hydroFuels,"In 2025, distillate exports to Brazil averaged 103 000 bpd, more than double their 2024 volume but below volumes from 2022 or earlier.",auto,2026-09-14,
us-distillate-chile,baseline,products-usgulf-southamerica,corridor,"Chile was the second-largest destination for US distillate exports in 2025, up about 16,000 bpd.",16 000,bpd,2025,hydroFuels,"The second-largest destination for distillate exports was Chile, where exports increased by about 16 000 bpd (15%) from 2024.",auto,2026-09-14,
kenya-gtog,baseline,products-gulf-eafrica,corridor,"Kenya has imported refined products under a government-to-government deal with Saudi Aramco, ENOC and ADNOC since March 2023.",March 2023,,since 2023,kenyaGtoG,"under the G-to-G deal that Kenya signed with Saudi Aramco, Emirates National Oil Company (Enoc), and Abu Dhabi National Oil Company (Adnoc) to supply products since March 2023",auto,2026-09-14,
kenya-enoc-stuck,current,products-gulf-eafrica,status,A vessel carrying 114.7 million litres of petrol for Kenya could not leave Jebel Ali because of the Hormuz closure.,114.7,million litres,2026-03,kenyaGtoG,a vessel carrying 114.7 million litres of super from Enoc was unable to leave the Port of Jebel Ali in Dubai due to the closure of the Strait of Hormuz,auto,2026-09-14,
lng-world-2025,baseline,lng,market,"Global LNG trade reached a record 437.0 Mt in 2025, up 25.7 Mt (IGU).",437.0,Mt,2025,qatarLng,"Global LNG trade reached a record 437.0 Mt in 2025, up by 25.7 Mt compared with 2024",auto,2026-09-14,
lng-top3-exporters,baseline,lng|lng-us-europe|lng-us-japan|lng-australia-japan|lng-australia-china,exporter,"The United States exported 110.7 Mt of LNG in 2025, Qatar 81.5 Mt and Australia 80.3 Mt (IGU).",110.7,Mt,2025,qatarLng,"On the export side, the United States remained the world’s largest LNG supplier with 110.7 Mt of exports, followed by Qatar’s 81.5 Mt and Australia’s 80.3 Mt.",auto,2026-09-14,
lng-top3-62,baseline,lng,market,"The United States, Qatar and Australia supplied 62% of global LNG exports in 2025.",62%,share,2025,qatarLng,"Together, the United States, Qatar and Australia supplied 62% of global LNG exports during the year",auto,2026-09-14,
qatar-lng-2025,baseline,lng-qatar-china|lng-qatar-europe,exporter,"Qatar exported 81.5 Mt of LNG in 2025, overtaking Australia as the second-largest exporter (IGU).",81.5,Mt,2025,qatarLng,"The report shows that Qatar exported 81.5 million tonnes (Mt) of LNG during 2025, an increase of 4.3 Mt from the previous year, enabling the country to overtake Australia and become the world’s second-largest LNG exporter, behind only the United States.",auto,2026-09-14,
qatar-china-20mt,baseline,lng-qatar-china,corridor,"China imported over 20 million tonnes of LNG from Qatar in 2025, the largest buyer; India followed with more than 10 million tonnes.",20 million,tonnes,2025,qatarFPJ,"China led with over 20 million tonnes, followed by India with more than 10 million tonnes.",auto,2026-09-14,
qatar-asia-80,baseline,lng-qatar-china|lng-qatar-europe,exporter,Asian buyers imported over 80% of Qatari LNG in 2025.,80%,share,2025,eiaLng,"Asian buyers, who in 2025 imported over 80% of Qatari volumes",auto,2026-09-14,
qatar-lng-cut-20,current,hormuz|lng-qatar-china|lng-qatar-europe,status,The Hormuz closure since 28 February 2026 has cut off approximately 20% of global LNG supplies.,20%,share of global LNG supply,since 2026-02-28,eiaLng,"Qatari exports have fallen in 2026 due to the closure of the Strait of Hormuz since February 28, which has cut off approximately 20% of global LNG supplies.",auto,2026-09-14,
china-lng-imports-2025,baseline,lng-qatar-china|lng-australia-china,importer,China was the largest LNG importer in 2025 at 69.8 Mt; Japan imported 67.4 Mt (IGU).,69.8,Mt,2025,qatarLng,"China retained its position as the world’s largest LNG importer, purchasing 69.8 Mt, while Japan imported 67.4 Mt.",auto,2026-09-14,
china-lng-down-15,baseline,lng-australia-china|lng-qatar-china,importer,LNG imports into China fell 15% (1.5 Bcf/d) in 2025.,15%,change,2025,eiaLng,"Imports into Asian countries fell 4% compared with 2024 to 35.7 Bcf/d, largely driven by a 15% (1.5 Bcf/d) reduction in imports to China",auto,2026-09-14,
europe-lng-imports-2025,baseline,lng-us-europe|lng-qatar-europe|lng-yamal-europe,importer,Europe’s LNG imports rose to 126.1 Mt in 2025 (IGU).,126.1,Mt,2025,qatarLng,"Europe also maintained strong demand, with LNG imports rising to 126.1 Mt as countries continued diversifying energy supplies.",auto,2026-09-14,
europe-lng-up-29,baseline,lng-us-europe,importer,"European countries increased LNG imports by 29% (3.8 Bcf/d) in 2025, leading all regions.",29%,change,2025,eiaLng,"European countries increased imports by 29% (3.8 Bcf/d) in 2025, leading all regions worldwide.",auto,2026-09-14,
us-lng-exports-2025,baseline,lng-us-europe|lng-us-japan,exporter,"US LNG exports rose 26% to 15.1 Bcf/d in 2025, the largest increase of any country.",15.1,Bcf/d,2025,eiaLng,"LNG exports from the United States increased by 26% to 15.1 Bcf/d in 2025, a larger increase than from any other country",auto,2026-09-14,
us-lng-europe-68,baseline,lng-us-europe,corridor,Europe received 68% of US LNG exports from January to November 2025.,68%,share,2025-01/11,eiaUsLng10y,"From January through November 2025, Europe received 68% of U.S.-origin volumes.",auto,2026-09-14,
us-lng-panama-japan-days,baseline,lng-us-japan,corridor,"Through the Panama Canal a US Gulf Coast LNG cargo reaches Japan in 20 days, against 34 days around Africa or 31 via Suez.",20 days,,2016,eiaPanamaLng,"Gulf Coast through the Panama Canal to Japan will reduce voyage time to 20 days, compared to 34 days for voyages around the southern tip of Africa or 31 days if transiting through the Suez Canal.",auto,2026-09-14,
japan-lng-imports-2025,baseline,lng-us-japan|lng-australia-japan|lng-qatar-china,importer,"Asia remained the largest LNG importing region in 2025, receiving 138.76 Mt (IGU).",138.76,Mt,2025,qatarLng,"The IGU report indicates that Asia remained the largest LNG importing region, receiving 138.76 Mt of LNG in 2025.",auto,2026-09-14,
aus-lng-markets-2024,baseline,lng-australia-japan|lng-australia-china,corridor,In 2024 China took 33% of Australia’s LNG exports and Japan 32%.,33%,share,2024,ausLngIEEFA25,"In 2024, Australia’s largest LNG export markets were China (33%), Japan (32%), South Korea (15%) and Taiwan (10%), with all other countries accounting for about 9% of exports.",auto,2026-09-14,
aus-lng-japan-h1-2026,current,lng-australia-japan,corridor,"Japan was Australia’s largest LNG export market in H1 2026, at 35% of exports.",35%,share,H1 2026,ausLngIEEFA,"Japan remains Australia’s largest export market, accounting for 35% of exports in the first half of 2026, followed by China and South Korea.",auto,2026-09-14,
yamal-eu-15mt,baseline,lng-yamal-europe,corridor,15 million of the 19.7 million tons of Yamal LNG reached EU terminals in 2025.,19.7,million tons,2025,yamalUrgewald,The analysis reveals that 15 million of the 19.7 million tons of Yamal LNG reached EU terminals in 2025,auto,2026-09-14,
yamal-eu-share,baseline,lng-yamal-europe,importer,Yamal LNG accounted for 14.3% of the EU’s LNG imports in 2025.,14.3%,share,2025,yamalUrgewald,"In 2025, Yamal LNG alone accounted for 14.3% of the EU’s total global LNG imports",auto,2026-09-14,
yamal-eu-h1-2026,current,lng-yamal-europe,corridor,The EU imported a record 9.89 million tonnes of LNG from Yamal in H1 2026.,9.89,million metric tons,H1 2026,yamalMoscowTimes,The European Union imported a record 9.89 million metric tons of liquefied natural gas (LNG) from Russia’s largest production plant during the first six months of the year,auto,2026-09-14,
yamal-asia-down-74,current,lng-yamal-china-nsr,status,"Yamal LNG volumes bound for Asia plunged 74% to 510,000 tons in H1 2026.",74%,change,H1 2026,yamalMoscowTimes,"Meanwhile, Yamal LNG volumes bound for Asia plunged 74% to 510,000 tons.",auto,2026-09-14,The source does not say which share of Asia-bound cargoes used the Northern Sea Route.
yamal-60-russia,current,lng-yamal-europe|lng-yamal-china-nsr,exporter,Yamal LNG accounts for more than 60% of Russia’s LNG exports.,60%,share,2026-07,yamalMoscowTimes,a plant that accounts for more than 60% of Russia’s total LNG exports,auto,2026-09-14,
coal-exporters-2024,baseline,coal|coal-indonesia-china|coal-indonesia-india|coal-australia-japan|coal-australia-china|coal-australia-korea|coal-russia-china,exporter,"In 2024 Indonesia exported 555 Mt of coal, Australia 363 Mt and Russia 198 Mt, 75% of Russia’s to Asia (IEA).",555,Mt,2024,ieaCoal2025,"On the export side, Indonesia remained the top exporter with 555 Mt, primarily thermal coal, followed by Australia (363 Mt) and Russia (198 Mt), which directed 75% of its exports to Asia in 2024.",auto,2026-09-14,
coal-thermal-trade-2025,baseline,coal,market,Thermal coal trade is set to fall 6% to 1 111 Mt in 2025 (IEA forecast).,1 111,Mt,2025 (forecast),ieaCoal2025,"Thermal coal trade is set to decrease by 6% to 1 111 Mt, while met coal trade is expected to contract by 3% to 357 Mt.",auto,2026-09-14,
coal-china-imports-2025,baseline,coal-indonesia-china|coal-australia-china|coal-russia-china,importer,China’s coal imports are forecast to fall by around 58 Mt to 489 Mt in 2025 (IEA).,489,Mt,2025 (forecast),ieaCoal2025,"This shift is primarily driven by China, where abundant stocks and sluggish demand have driven its imports down by around 58 Mt to 489 Mt.",auto,2026-09-14,
coal-china-seaborne-9m,baseline,coal-indonesia-china|coal-australia-china|coal-russia-china,importer,China’s seaborne coal imports fell 13.0% to 263.3 Mt in January–September 2025.,263.3,Mt,2025-01/09,indiaCoal,Seaborne coal imports into Mainland China declined 13.0% y-o-y to 263.3 Mt in Jan–Sep 2025.,auto,2026-09-14,
coal-indonesia-australia-9m,baseline,coal-indonesia-china|coal-indonesia-india|coal-australia-japan|coal-australia-china|coal-australia-korea,exporter,In January–September 2025 Indonesia’s coal exports fell 9.6% to 351.4 Mt and Australia’s 2.2% to 255.4 Mt.,351.4,Mt,2025-01/09,indiaCoal,"During the same period, exports from Indonesia fell 9.6% y-o-y to 351.4 Mt, while shipments from Australia slipped 2.2% to 255.4 Mt.",auto,2026-09-14,
coal-indonesia-exports-2025,baseline,coal-indonesia-china|coal-indonesia-india,exporter,"Indonesia’s coal exports are expected to fall at least 9% in 2025, to 505 Mt (IEA).",505,Mt,2025 (forecast),ieaCoal2025,"Indonesia, which is Asia’s key swing supplier, is expected to reduce its coal exports by at least 9% in 2025, bringing volumes down to 505 Mt.",auto,2026-09-14,
coal-indonesia-india-9m,baseline,coal-indonesia-india,corridor,Indonesian coal shipments to India fell 14.4% to 70.6 Mt in January–September 2025.,70.6,Mt,2025-01/09,indiaCoal,"Shipments from Indonesia to India declined 14.4% y-o-y to 70.6 Mt, still above 67.3 Mt in Jan–Sep 2023.",auto,2026-09-14,
coal-india-imports-2025,baseline,coal-indonesia-india|coal-southafrica-india,importer,India’s coal imports are expected to stay around 235 Mt in 2025 (IEA).,235,Mt,2025 (forecast),ieaCoal2025,"Similarly, in India domestic thermal coal production is flat while demand is weak, keeping imports at around 235 Mt.",auto,2026-09-14,
coal-southafrica-india-9m,baseline,coal-southafrica-india,corridor,"South Africa shipped 22.7 Mt of coal to India in January–September 2025 (+5.6%), 12.9% of India’s imports.",22.7,Mt,2025-01/09,indiaCoal,"South Africa exported 22.7 Mt (+5.6%), representing 12.9% of India’s imports.",auto,2026-09-14,
coal-mundra-paradip,baseline,coal-southafrica-india|coal-indonesia-india,infrastructure,Mundra (22.5 Mt) and Paradip (17.9 Mt) were India’s two largest coal import terminals in January–September 2025.,22.5,Mt,2025-01/09,indiaCoal,Main coal import terminals (Jan–Sep 2025): Mundra (Gujarat) – 22.5 Mt Paradip – 17.9 Mt,auto,2026-09-14,
coal-japan-korea-9m,baseline,coal-australia-japan|coal-australia-korea,importer,In January–September 2025 Japan imported 112.2 Mt of seaborne coal (−2.4%) and South Korea 78.3 Mt (−6.3%).,78.3,Mt,2025-01/09,indiaCoal,"Imports to India fell 4.9% y-o-y to 175.4 Mt, to Japan down 2.4% to 112.2 Mt, and to South Korea down 6.3% to 78.3 Mt.",auto,2026-09-14,
coal-australia-asia-80,baseline,coal-australia-japan|coal-australia-china|coal-australia-korea,exporter,"More than 80% of Australian coal exports go to Japan, China, India, South Korea, Taiwan and Vietnam.",80%,share,2024,ieefaAUcoal,"More than 80% of Australian coal exports are shipped to Japan, China, India, South Korea, Taiwan and Vietnam.",auto,2026-09-14,
coal-russia-china-9m,baseline,coal-russia-china,corridor,"China imported 66.3 Mt of Russian coal in January–September 2025 (−7.1%), seaborne and overland combined.",66.3,Mt,2025-01/09,ruCoalHubSep,"In January–September 2025, Chinese coal imports from Russia dipped to 66.3 mio t (-5.1 mio t or -7.1% vs.",auto,2026-09-14,Includes rail deliveries; the seaborne share is not given.
coal-colombia-2024,baseline,coal-colombia-europe,exporter,Colombia shipped an estimated 57 million tons of coal overseas in 2024.,57,million tons,2024,colombiaCoal,with an estimated 57 million tons shipped overseas,auto,2026-09-14,
coal-colombia-2025-drop,baseline,coal-colombia-europe,status,Colombian coal-related exports fell 21.2% in volume in 2025 (Fenalcarbón).,21.2%,change,2025,colombiaCoal,"Fenalcarbon also pointed out that in 2025, exports of coal-related products fell by 21.2% in volume and 31.8% in revenue compared to 2024.",auto,2026-09-14,
coal-puerto-bolivar-europe,baseline,coal-colombia-europe,corridor,"Roughly half the coal through Puerto Bolívar is exported to Europe, 25% to the Americas.",25%,share,undated,puertoBolivar,"Roughly half of the coal passing through Puerto Bolivar is exported to Europe, with another 25% destined for the Americas.",auto,2026-09-14,Wiki page; the share is not dated.
iron-seaborne-9m,baseline,iron,market,"Global seaborne iron ore loadings were 1.247 billion tonnes in the first three quarters of 2025, +0.07%.",1.247,billion metric tons,2025 Q1–Q3,ironFlows,Global seaborne iron ore loadings: 1.247 billion metric tons in 2025 YTD vs 1.246 billion metric tons in 2024 YTD: a +0.07% increase,auto,2026-09-14,
iron-australia-9m,baseline,iron-australia-china|iron-australia-japan,exporter,"Australia shipped 695.55 million tonnes of iron ore in Q1–Q3 2025, 55.77% of seaborne supply.",695.55,million metric tons,2025 Q1–Q3,ironFlows,Australia delivers 695.55 million metric tons (55.77% market share) between Q1 and Q3,auto,2026-09-14,
iron-brazil-9m,baseline,iron-brazil-china|iron-brazil-europe,exporter,"Brazil shipped 276.98 million tonnes of iron ore in Q1–Q3 2025, 22.21% of seaborne supply.",276.98,million metric tons,2025 Q1–Q3,ironFlows,"At 276.98 million metric tons (22.21%), Brazil preserves the long-haul backbone that props up VLOC utilization even when Australia is strong.",auto,2026-09-14,
iron-au-br-78,baseline,iron,market,Australia and Brazil together provided 77.98% of seaborne iron ore supply in Q1–Q3 2025.,77.98%,share,2025 Q1–Q3,ironFlows,Together they provide 77.98% of seaborne supply.,auto,2026-09-14,
iron-china-74,baseline,iron|iron-australia-china|iron-brazil-china|iron-guinea-china,importer,China absorbed 74.28% of seaborne iron ore receipts in Q1–Q3 2025.,74.28%,share,2025 Q1–Q3,ironFlows,"China absorbs 74.28% of seaborne receipts, and Asia as a whole takes 92.52%.",auto,2026-09-14,
iron-japan-korea-europe,baseline,iron-australia-japan|iron-brazil-europe,importer,"After China came Japan (5.51% of seaborne receipts), South Korea (4.21%) and Europe (4.58%) in Q1–Q3 2025.",5.51%,share,2025 Q1–Q3,ironFlows,"Then Japan (5.51%), South Korea (4.21%), Europe (4.58%), Malaysia (1.41%), Vietnam (1.35%), Rest of Asia (5.75%), and Rest of World (2.90%).",auto,2026-09-14,
iron-pilbara-north-asia,baseline,iron-australia-china|iron-australia-japan,corridor,AXSMarine describes Pilbara to North Asia by Capesize as the workhorse of global dry bulk.,,,2025,ironFlows,Pilbara to North Asia (Capesize): The workhorse of global dry bulk.,auto,2026-09-14,
iron-brazil-2025,baseline,iron-brazil-china|iron-brazil-europe,exporter,"Brazil exported a record 416.4 million tonnes of iron ore in 2025, against 388.7 million in 2024.",416.4,million tonnes,2025,ironBrazil,"Brazil achieved unprecedented iron ore export volumes in 2025, reaching 416.4 million tonnes compared to 388.7 million tonnes in 2024.",auto,2026-09-14,
iron-brazil-china-62,baseline,iron-brazil-china,corridor,"China took 259+ million tonnes of Brazil’s iron ore in 2025, about 62.2% of export volumes.",62.2%,share,2025,ironBrazil,"China accounted for 259+ million tonnes of Brazil's iron ore shipments, representing approximately 62.2% of total export volumes.",auto,2026-09-14,
iron-brazil-china-days,baseline,iron-brazil-china|iron-australia-china,corridor,"Brazil-to-China iron ore voyages take 35–40 days via the Cape, against 7–10 days from Australia.",35-40 days,,2025,ironBrazil,"Shipping economics favour Australia for Asian destinations, with voyage times of 7-10 days to China compared to Brazil's 35-40 days via Cape of Good Hope routes.",auto,2026-09-14,
iron-ponta-da-madeira,baseline,iron-brazil-china,infrastructure,Ponta da Madeira (230 Mt/year) is Vale’s primary export terminal; Tubarão handles 101 Mt/year.,230 Mt/year,,2025,ironBrazil,Ponta da Madeira (Maranhão): 230 Mt/year capacity – Vale's primary export facility Tubarão (Espírito Santo): 101 Mt/year capacity,auto,2026-09-14,
iron-tubarao,baseline,iron-brazil-europe,infrastructure,"Tubarão, in Espírito Santo, has 101 Mt/year of export capacity.",101 Mt/year,,2025,ironBrazil,Tubarão (Espírito Santo): 101 Mt/year capacity,auto,2026-09-14,
simandou-first-cargo,baseline,iron-guinea-china,corridor,"The first Simandou iron ore cargo, close to 200,000 tons, docked at Majishan on 17 January 2026 after a 46-day voyage.",46-day,,2026-01,simandouEcofin,"The company said a vessel carrying close to 200,000 tons docked on January 17 at the port of Majishan, in China’s eastern Zhejiang province, after a 46-day voyage.",auto,2026-09-14,
simandou-capacity,baseline,iron-guinea-china,infrastructure,Simandou is expected to reach around 120 million tons a year once fully ramped up.,120 million,tons a year,target,simandouEcofin,"The project comprises four mining blocks and is expected to reach total production capacity of around 120 million tons a year once fully ramped up, according to official projections.",auto,2026-09-14,
simandou-morebaya,baseline,iron-guinea-china,infrastructure,The first Simandou ore ship left the new Atlantic port of Morebaya on 2 December 2025.,2025,,2025-12,simandouMongabay,"Dec. 2, 2025, Guinea celebrated a milestone when a ship loaded with iron ore departed from the newly constructed port of Morebaya on the Atlantic coast.",auto,2026-09-14,
brazil-soy-2025,baseline,grain-brazil-china,exporter,"Brazil exported a record 108,2 million tons of soybeans in 2025.","108,2",million tons,2025,soyBrazil,"reaching 108,2 million tons in 2025",auto,2026-09-14,"The source uses a decimal comma: 108,2 = 108.2."
brazil-soy-china-79,baseline,grain-brazil-china,corridor,"China took 85,43 million tons of Brazilian soybeans in 2025, 79% of exports.",79%,share,2025,soyBrazil,"China remained the main destination for Brazilian soybeans, absorbing 85,43 million tons — equivalent to 79% of all exports.",auto,2026-09-14,"The source uses a decimal comma: 85,43 = 85.43."
brazil-santos-soy,baseline,grain-brazil-china,infrastructure,"The port of Santos handled 34,57 million tons of soybeans in 2025, +24%.","34,57",million tons,2025,soyBrazil,"The port of Santos remained in the lead, with 34,57 million tons handled in 2025 — a 24% increase compared to the previous year.",auto,2026-09-14,"The source uses a decimal comma: 34,57 = 34.57."
brazil-corn-china,baseline,grain-brazil-china|grain-usgulf-china,market,Brazil overtook the US as China’s primary corn supplier; the US share of global grain exports could fall from 22% in 2024 to around 12%.,22%,share,2024,grainRisk,"Brazil overtook the US as China’s primary corn supplier, and the US’s share of global grain exports could fall from 22% in 2024 to around 12%.",auto,2026-09-14,
china-no-us-soy-sept-2025,baseline,grain-usgulf-china,importer,"As of mid-September 2025, China had not bought any new-crop US soybeans — a first in the USDA dataset starting in 1999.",1999,,2025-09,argentinaSoyASA,"At that point, for the first time in the USDA dataset starting in 1999, China has not purchased any of the new crop U.S.",auto,2026-09-14,Snapshot dated September 2025; not a statement about 2026.
argentina-soy-china,baseline,grain-argentina-china,corridor,Argentina’s soybean exports to China were well above average in 2025.,2025,,2025,argentinaSoyASA,"Like Brazil, Argentina’s exports to China remain well above average in 2025 (Figure 2).",auto,2026-09-14,
argentina-meal-oil,baseline,grain-argentina-china,exporter,Argentina typically exports soybean meal and oil rather than whole beans; export tariffs are 26% on beans and 24.5% on meal and oil.,26%,tariff,2025,argentinaSoyASA,This is encouraged by Argentina’s export tariffs of 26% on whole beans and 24.5% on meal and oil.,auto,2026-09-14,
us-wheat-japan,baseline,grain-uspnw-japan,corridor,Japan imported 2.13 MMT of US wheat in the 2024/25 marketing year.,2.13,MMT,2024/25,usWheatJapan,"In the 2024/2025 marketing year, Japan imported 2.13 million metric tons (MMT) (nearly 78.3 million bushels) of U.S.",auto,2026-09-14,
ukraine-grain-2526,baseline,grain-ukraine-egypt,exporter,Ukraine exported 37.46 million tonnes of grain and pulses in 2025/26.,37.46,million tonnes,2025/26,ukraineDragon,"By the Ministry of Agrarian Policy’s count, exporters shipped 37.46 million tonnes of grain and pulses over the year.",auto,2026-09-14,
ukraine-odesa-ports,baseline,grain-ukraine-egypt,infrastructure,"Ukraine’s grain moves through the Odesa hub: Odesa, Chornomorsk and Pivdennyi.",,,2025/26,ukraineDragon,"the ports that moved it are the ones shippers already know: the Odesa hub of Odesa, Chornomorsk and Pivdennyi",auto,2026-09-14,
egypt-ukraine-wheat,baseline,grain-ukraine-egypt,corridor,Egypt’s imports of Ukrainian wheat nearly doubled to 3.3 million tonnes (July–April 2025/26).,3.3,million tonnes,2025/26 Jul–Apr,egyptWheatAgro,"In volume terms, imports of Ukrainian wheat nearly doubled to 3.3 million tonnes, up from 1.7 million tonnes a year earlier.",auto,2026-09-14,
russia-grain-2526,baseline,grain-russia-egypt,exporter,"Russia exported over 61 million tonnes of grain in 2025/26, including 46 million tonnes of wheat.",61,million tonnes,2025/26,russiaGrainAI,"Russia exported over 61 million tonnes of grain in the 2025/26 marketing year, including 46 million tonnes of wheat.",auto,2026-09-14,
russia-egypt-10mt,baseline,grain-russia-egypt,corridor,"Egypt was the second buyer of Russian grain in 2025/26 with 10 million tons, 9.9 million of them wheat; Turkey was first.",9.9,million tons,2025/26,russiaGrainAI,"Egypt ranked second with 10 million tons, including 9.9 million tons of wheat.",auto,2026-09-14,
aus-barley-2425,baseline,grain-australia-china,exporter,Australia exported 7 million tonnes of feed barley and 1.22 million tonnes of malting barley in 2024/25.,1.22,million tonnes,2024/25,ausBarley,"Of the total barley exports, 7 million tonnes were feed barley and 1.22 million tonnes malting barley.",auto,2026-09-14,
aus-barley-china-70,baseline,grain-australia-china,corridor,China took more than 70% of Australia’s barley exports of both types in 2024/25.,70%,share,2024/25,ausBarley,"China remained the largest buyer, accounting for more than 70% of exports of both types of barley.",auto,2026-09-14,
vancouver-wheat-2025,baseline,grain-canada-china,exporter,"Wheat exports through Vancouver reached 15.9 million tonnes in 2025, +20%, to 35 countries.",15.9,million tonnes,2025,vanWorldGrain,"Wheat exports, which were delivered to 35 countries from Western Canada last year, were 15.9 million tonnes, up 20% from 2024, the port said in its March 9 report.",auto,2026-09-14,
vancouver-canola-tariffs,baseline,grain-canada-china,status,Canola seed exports through Vancouver fell 23% to 6.6 million tonnes in 2025 after Chinese tariffs.,6.6,million tonnes,2025,vanWorldGrain,"Following Chinese tariffs, however, canola seed exports fell sharply from August onwards to end 2025 down 23% at 6.6 million tonnes.",auto,2026-09-14,
vancouver-china-us-two-thirds,baseline,grain-canada-china,corridor,China and the United States accounted for two-thirds of Vancouver’s 2025 canola oil export volume.,,,2025,vanWorldGrain,"Exports to China and the United States accounted for two-thirds of 2025’s volume, despite a combined decrease of 2%, the port said.",auto,2026-09-14,"Refers to canola oil exports, per the preceding sentence in the article."
brazil-npk-99,baseline,fert-gulf-brazil|fert-morocco-brazil|fert-russia-brazil|fert-canada-brazil,importer,Imports met about 99% of Brazil’s NPK fertilizer consumption in 2023.,99%,share,2023,farmdocBrazil,"The share of consumption met by imports of Nitrogen, Phosphate, and Potash (NPK) between 2020 and 2023 was about 90%, reaching about 99% in 2023",auto,2026-09-14,
brazil-phosphate-morocco,baseline,fert-morocco-brazil,corridor,Brazil’s phosphate imports come mainly from Morocco and Russia.,,,before the war,farmdocBrazil,Brazil relies on imports mainly from Morocco and Russia.,auto,2026-09-14,
brazil-potash-russia,baseline,fert-russia-brazil|fert-canada-brazil,corridor,"For potash, Brazil also relies on Russia and Belarus, beyond Canada.",,,before the war,farmdocBrazil,"Nevertheless, U.S. potash comes primarily from Canada, while Brazil also relies on Russia and Belarus, regions that were not materially affected by the recent conflict, though existing sanctions still pose risks.",auto,2026-09-14,
brazil-urea-aug-2025,baseline,fert-gulf-brazil,corridor,Qatar shipped around 12% of Brazil’s urea imports in August 2025.,12,share,2025-08,nigeriaUreaArgus,"Russia followed, with nearly 13pc, while Qatar, Nigeria and Algeria shipped around 12pc each.",auto,2026-09-14,"Monthly snapshot. Oman ships from outside the strait, which is why this corridor starts in Qatar."
brazil-urea-2025-volume,baseline,fert-gulf-brazil,importer,"Brazil imported 7,702.58 thousand tons of urea in 2025; Nigeria displaced Oman and Qatar as top supplier.","7,702.58",thousand tons,2025,brazilUreaGtaic,"In the period 01.2025-12.2025 Brazil imported Urea Fertilizer in the amount equal to US$3,272.4M, an equivalent of 7,702.58 Ktons.",auto,2026-09-14,
rystad-urea-hormuz,baseline,fert-gulf-india|fert-gulf-brazil,market,About 10.6 Mtpa of the 50.8 Mtpa global urea trade in 2025 came from exporters affected by the Hormuz closure.,10.6,Mtpa,2025,hormuzFertRystad,"Global urea trade stood at around 50.8 Mtpa in 2025, of which approximately 10.6 Mtpa comes from the impacted countries – mainly Saudi Arabia, Qatar, and the UAE.",auto,2026-09-14,
rystad-urea-india,baseline,fert-gulf-india,corridor,"Of that affected urea, 2.2 Mtpa was exported to India.",2.2,Mtpa,2025,hormuzFertRystad,"Of this, 2.2 Mtpa was exported to India, again highlighting the nation’s dependency on fertilizer-related products from the Middle East.",auto,2026-09-14,
india-urea-gulf-70,baseline,fert-gulf-india,importer,About 70% of India’s 56.47 lakh tonnes of urea imports came from Gulf countries.,56.47,lakh tonnes,2024-25,indiaUreaDTE,"Of total urea imports of 56.47 lmt, about 70 per cent came from Gulf countries, including Oman, Saudi Arabia, Qatar and the United Arab Emirates.",auto,2026-09-14,
morocco-phosphate-reserves,baseline,fert-morocco-brazil,exporter,"Morocco holds 50,000,000 thousand tonnes of phosphate rock reserves and produced an estimated 36,000 thousand tonnes in 2025 (USGS).","50,000,000",thousand metric tons,2025,phosphateUSGS26,"Morocco 35,300 36,000 50,000,000",auto,2026-09-14,"USGS table row: mine production 2024, 2025 estimate, reserves (thousand metric tons)."
canada-potash-exports-2024,baseline,fert-canada-brazil|fert-canada-china,exporter,"Canada exported 22,916 thousand tonnes of potash in 2024, 38.7% of world exports.","22,916",thousand tonnes,2024,potashNRCan,"1 Canada 22,916 38.7%",auto,2026-09-14,"NRCan table row: rank, country, tonnes (thousands), share of world exports; preliminary data."
canada-potash-reserves,baseline,fert-canada-brazil|fert-canada-china,exporter,"Canada has the world’s largest potash reserves, 1.1 billion tonnes.",1.1,billion tonnes,2024,potashNRCan,"Canada has the world’s largest potash reserves, with 1.1 billion tonnes of potash (potassium oxide equivalent).",auto,2026-09-14,
canada-potash-90-exported,baseline,fert-canada-brazil|fert-canada-china,exporter,More than 90% of the potash produced in Canada is exported.,90%,share,2025,canadaPotash,"More than 90% of the potash produced in Canada is exported, with the remainder used domestically; quantities of potash imported are extremely small.",auto,2026-09-14,
canada-potash-destinations,baseline,fert-canada-brazil|fert-canada-china,corridor,"In 2023 Brazil took 22% of Canadian potash production, China 7% (United States 39%, India 5%).",22%,share of production,2023,canpotex,"with the United States being the largest importer of Canadian potash (39% of production in 2023), followed by Brazil (22%), China (7%), and India (5%)",auto,2026-09-14,
vancouver-potash-record,baseline,fert-canada-brazil|fert-canada-china,corridor,"Potash exports through Vancouver hit a record 10.5 million tonnes in 2025, reaching markets including Brazil, China and Indonesia.",10.5,million tonnes,2025,vanWorldGrain,"Potash exports hit a new record of 10.5 million tonnes last year, breaking the previous record set in 2020.",auto,2026-09-14,
guinea-bauxite-2025,baseline,metals-guinea-china,exporter,Guinea’s bauxite exports rose 25% in 2025 to 182.8 million tons.,182.8,million metric tons,2025,bauxiteGuinea,"Guinea's bauxite exports rose 25% in 2025 to 182.8-million metric tons, official data seen by Reuters showed",auto,2026-09-14,
guinea-bauxite-china-74,baseline,metals-guinea-china,corridor,A record 74% of Guinea’s bauxite shipments went to China in 2025.,74%,share,2025,bauxiteGuinea,"A record 74% of shipments went to China, according to Chinese customs data",auto,2026-09-14,
china-bauxite-imports-2025,baseline,metals-guinea-china|metals-australia-china-bauxite,importer,China’s bauxite imports jumped 26.4% to 200.5 million tons in 2025.,200.5,million tons,2025,bauxiteGuinea,China's bauxite imports jumped 26.4% in 2025 to 200.5-million tons on Guinean supply,auto,2026-09-14,
china-bauxite-australia-2025,baseline,metals-australia-china-bauxite,corridor,China imported 37.35 million tonnes of Australian bauxite in 2025 (−6.4%).,37.35,million tonnes,2025,bauxiteGACC,China's bauxite imports from Australia declined by 6.4 per cent from the prior year to 37.35 million tonnes last year.,auto,2026-09-14,
australia-bauxite-2025,baseline,metals-australia-china-bauxite|metals-australia-china-alumina,exporter,Australia exported 44.23 Mt of bauxite in 2025; the rest of its output was converted to alumina domestically.,44.23,Mt,2025,ausAluminiumCouncil,"44.23 Mt of bauxite was exported, and the remainder converted to Australian alumina.",auto,2026-09-14,
china-alumina-australia,current,metals-australia-china-alumina,corridor,"Australia supplied 414,600 tonnes of China’s alumina imports in June 2026, 91.7% of the month’s total.",91.7,per cent,2026-06,aluminaChina,"Imports from Australia reached 414,600 tonnes, up by roughly 133,400 tonnes from the previous month and accounting for 91.7 per cent of total imports for the month.",auto,2026-09-14,
china-alumina-h1-2026,current,metals-australia-china-alumina,importer,"China’s alumina imports reached 2.28 million tonnes in H1 2026, up 748.79% year on year.",2.28,million tonnes,H1 2026,aluminaChina,"In the first half of 2026, cumulative imports totalled 2.28 million tonnes, up 748.79 per cent year-on-year",auto,2026-09-14,
mideast-aluminium-7mt,baseline,metals-uae-japan-aluminium,exporter,"The Middle East produced nearly 7 million tons of primary aluminium, about 9% of global supply.",9%,share,2025,rusalJapan,"The Middle East produced nearly 7 million metric tons of primary aluminium last year, or 9% of global supply, according to analysts.",auto,2026-09-14,
japan-aluminium-uae-400kt,baseline,metals-uae-japan-aluminium|metals-russia-japan-aluminium,corridor,"Japan relied on the Middle East for 27% of its 2.1 million tons of aluminium imports, 400,000 tons from the UAE.","400,000",tons,2025,rusalJapan,"Japan relied on the region for 27% of its 2.1 million tons of imports with the biggest share - 400,000 tons - coming from the UAE.",auto,2026-09-14,
japan-aluminium-russia-68kt,baseline,metals-russia-japan-aluminium,corridor,"Japan imported 143,000 tons of aluminium from China but only 68,000 tons from Russia (Trade Data Monitor).","68,000",tons,2025,rusalJapan,"It also imported 143,000 tons from China but only 68,000 tons from Russia, according to Trade Data Monitor.",auto,2026-09-14,
japan-premium-353,current,metals-uae-japan-aluminium|metals-russia-japan-aluminium,market,"Japanese buyers agreed premiums of $350–353 per ton for April–June 2026, the highest in 11 years.",353,US$ per ton,2026 Q2,rusalJapan,"Japanese buyers recently agreed to pay premiums of $350 to $353 per ton for aluminium between April and June, the highest in 11 years",auto,2026-09-14,
rusal-reroute-japan,current,metals-russia-japan-aluminium,status,"Rusal plans to reroute some aluminium from China to Japan and other Asian markets as the Iran war reshapes trade (Reuters, April 2026).",,,2026-04,rusalJapan,"LONDON/BEIJING, April 8 (Reuters) - Russia's Rusal plans to reroute some of its aluminium away from China to Japan and other Asian markets",auto,2026-09-14,
china-cu-conc-2025,baseline,metals-chile-china|metals-peru-china,importer,"China imported 30.365 million dmt of copper ore and concentrate in 2025, +7.8%.",30.365,million dmt,2025,copperChina,"From January to December 2025, China’s cumulative imports of copper ore and concentrate reached 30.365 million dmt, representing a cumulative year-on-year increase of 7.8%.",auto,2026-09-14,
china-cu-chile-peru,baseline,metals-chile-china|metals-peru-china,corridor,In 2025 China imported 9.64 million dmt of copper concentrate from Chile (+4.39%) and 7.42 million dmt from Peru (+6.12%).,9.64,million dmt,2025,copperChina,"In 2025, China imported 9.64 million dmt of copper concentrate from Chile, up 4.39% year-on-year; 7.42 million dmt from Peru, up 6.12% year-on-year",auto,2026-09-14,
chile-cu-mine-2025,baseline,metals-chile-china|metals-chile-japan-copper,exporter,"Chile’s copper mine production was an estimated 5,300 thousand tonnes in 2025 (USGS).","5,300",thousand metric tons,2025 (estimate),copperUSGS26,"Chile 5,510 5,300 1,940 1,700 180,000",auto,2026-09-14,"USGS table row: mine production 2024, 2025e; refinery production 2024, 2025e; reserves (thousand metric tons)."
chile-japan-largest,baseline,metals-chile-japan-copper,corridor,Chile accounts for 20% of world copper reserves and production and is Japan’s largest supplier of the metal.,20,percent,2025,japanCopperJBIC,"It is known as a copper powerhouse, accounting for 20 percent of the world’s reserves and production, and is Japan’s largest supplier of the metal.",auto,2026-09-14,
china-refined-cu-drc-43,baseline,metals-drc-china-copper,corridor,"The DRC supplied approximately 43% of China’s refined copper imports in 2025, against 26% in 2023.",43%,share,2025,drcCopperMysteel,"In contrast, imports from the DRC accounted for approximately 43% of China's total refined copper imports in 2025, compared with 42% in 2024 and 26% in 2023.",auto,2026-09-14,
china-refined-cu-2025,baseline,metals-drc-china-copper,importer,"China’s refined copper imports totalled 3.363 million tonnes in 2025, down from 3.755 million in 2024.",3.363,million tonnes,2025,drcCopperMysteel,"Imports totaled 3.363 million tonnes in 2025, down from 3.755 million tonnes in 2024",auto,2026-09-14,
drc-cu-mine-2025,baseline,metals-drc-china-copper,exporter,"The DRC’s copper mine production was an estimated 3,200 thousand tonnes in 2025 (USGS).","3,200",thousand metric tons,2025 (estimate),copperUSGS26,"Congo (Kinshasa) 2,990 3,200 2,560 2,800 80,000",auto,2026-09-14,"USGS table row: mine production 2024, 2025e; refinery production 2024, 2025e; reserves (thousand metric tons)."
indonesia-ni-jan-jul,baseline,metals-indonesia-china-nickel,corridor,"China received 7,861,025 tonnes, 95.71%, of Indonesia’s nickel product exports in January–July 2025.",95.71%,share,2025-01/07,indonesiaNickel,"During this seven-month period, exports were mainly directed to China with 7,861,025 tonnes (95.71%)",auto,2026-09-14,
indonesia-ni-npi,baseline,metals-indonesia-china-nickel,exporter,"Nickel pig iron made up 6,628,389 tonnes of Indonesia’s nickel product exports in January–July 2025.","6,628,389",tonnes,2025-01/07,indonesiaNickel,"From January to July 2025, total nickel product exports reached 8,213,806 tonnes, consisting of NPI at 6,628,389 tonnes",auto,2026-09-14,
indonesia-ni-ore-imports,baseline,metals-philippines-indonesia-nickel,corridor,Indonesia imported 15.33 million tonnes of nickel ore from the Philippines in 2025.,15.33,million tonnes,2025,indonesiaNickelOre,"The majority of these imports came from the Philippines, with a volume reaching 15.33 million tonnes.",auto,2026-09-14,
philippines-ni-2024,baseline,metals-philippines-china-nickel|metals-philippines-indonesia-nickel,exporter,"Philippine nickel ore exports totalled 44.97 million wet tonnes in 2024, +10.1% (Argus).",44.97,million wet metric tonnes,2024,philippinesNickel,"Philippine nickel ore exports totalled 44.97 million wet metric tonnes in 2024, up 10.1% year on year.",auto,2026-09-14,
philippines-ni-china-indonesia,baseline,metals-philippines-china-nickel|metals-philippines-indonesia-nickel,corridor,"In 2024, 35.12 million wmt of Philippine nickel ore went to China and 9.55 million wmt to Indonesia, up from 215,000 wmt a year earlier.",35.12,million wmt,2024,philippinesNickel,"Of this volume, 35.12 million wmt went to China, down 12% from 2023, while 9.55 million wmt went to Indonesia, surging from just 215,000 wmt the year before.",auto,2026-09-14,
philippines-ban-dropped,baseline,metals-philippines-china-nickel,policy,The Philippines removed the planned ban on unprocessed nickel ore exports from its mineral bill in June 2025.,,,2025-06,philippinesBan,The Philippines has removed a provision in its mineral bill that had banned the export of unprocessed nickel ore.,auto,2026-09-14,
china-zinc-australia-peru,baseline,metals-australia-china-zinc|metals-peru-china-zinc,corridor,"In July 2025 Australia supplied 118,800 physical tons (23.69%) of China’s zinc concentrate imports and Peru 92,700 tons (18.48%).",23.69%,share,2025-07,zincSMMjul,"the top three source countries for imports were: Australia, with 118,800 physical tons, accounting for 23.69%; Peru, with 92,700 physical tons, accounting for 18.48%; and Russia, with 59,800 physical tons, accounting for 11.93%",manual,2026-09-14,Page rendered by JavaScript; quote read from the rendered article on 2026-09-14 and not machine-checkable.
australia-zinc-reserves,baseline,metals-australia-china-zinc,exporter,"Australia has the largest zinc reserves, around 64 million tonnes (ILZSG).",64,million tonnes,2024,ilzsg,"Australia has the largest zinc reserves of around 64 million tonnes, followed by China with 44 million tonnes",auto,2026-09-14,
peru-zinc-mine-2025,baseline,metals-peru-china-zinc,exporter,"Peru’s zinc mine production was an estimated 1,500 thousand tonnes in 2025 (USGS).","1,500",thousand metric tons,2025 (estimate),zincUSGS26,"Peru 1,270 1,500 18,000",auto,2026-09-14,"USGS table row: mine production 2024, 2025e, reserves (thousand metric tons)."
zinc-conc-tight-2026,baseline,metals-australia-china-zinc|metals-peru-china-zinc,market,"A tender for Peru’s Antamina zinc units concluded at $(7) per tonne for Q1 2026 shipment, in negative territory.",$(7),per tonne,Q1 2026 shipments (tender concluded before the war),zincSmelters,"A tender for Antamina units was reported concluded at $(7) per tonne for shipment in the first quarter of 2026, dipping into negative territory.",auto,2026-09-14,Treatment-charge tender: low or negative charges signal tight concentrate supply.
indonesia-tin-2025,baseline,metals-indonesia-china-tin|metals-indonesia-singapore-tin,exporter,"Indonesia exported 52,416 tons of tin ingots in 2025.","52,416",tons,2025,tinIBP,"Between January and December 2025, Indonesia exported 52,416 tons of pure tin ingots.",auto,2026-09-14,
indonesia-tin-destinations,baseline,metals-indonesia-china-tin|metals-indonesia-singapore-tin,corridor,"Singapore took 12,298 tons of Indonesian tin in 2025 and China 9,886 tons, ahead of South Korea, India and Japan.","12,298",tons,2025,tinIBP,"Singapore was the largest destination at 12,298 tons, followed by China (9,886 tons), South Korea (8,716 tons), India (5,035 tons), and Japan (4,389 tons).",auto,2026-09-14,
indonesia-tin-largest-exporter,baseline,metals-indonesia-china-tin|metals-indonesia-singapore-tin,exporter,"Indonesia is the world’s largest exporter of refined tin; its production fell below 50,000 tonnes in 2024.","50,000",tonnes,2024,tinITA2,"Tin production in Indonesia fell to its lowest level in more than twenty years to below 50,000 tonnes in 2024.",auto,2026-09-14,
aus-spodumene-h1-2025,baseline,metals-australia-china-lithium|metals-australia-indonesia-lithium,exporter,Australian spodumene exports edged up 2.8% to about 1.98mn t in H1 2025.,1.98,mn t,H1 2025,ausLithium,"Spodumene exports edged up to about 1.98mn t in the first half of the year, up by 2.8pc on the year",auto,2026-09-14,
aus-spodumene-china-94,baseline,metals-australia-china-lithium,corridor,"Almost 94% of Australian spodumene exports, around 1.86mn t, went to China in H1 2025.",1.86,mn t,H1 2025,ausLithium,"Almost 94pc of Australian spodumene exports, or around 1.86mn t, went to China, up by 2pc on the year.",auto,2026-09-14,
aus-spodumene-indonesia,baseline,metals-australia-indonesia-lithium,corridor,"Indonesia imported 66,678t of Australian spodumene in H1 2025, up from 25,098t a year earlier.","66,678",t,H1 2025,ausLithium,"This was followed by Indonesia with 66,678t imported in the first half of 2025, up from 25,098t in the same period a year earlier.",auto,2026-09-14,
china-spodumene-australia,baseline,metals-australia-china-lithium,importer,"China imported 2.79 million tonnes of Australian spodumene in January–September 2025, 50.1% of its imports (64.3% in 2024).",2.79,million tonnes,2025-01/09,chinaSpodumene,"China's spodumene imports from Australia reached 2.79 million tonnes over January-September 2025, a mild year-on-year increase of 1.7%, accounting for 50.1% of the total import volume, which was down palpably compared to the 64.3% share in 2024.",auto,2026-09-14,
bunbury-gateway,baseline,metals-australia-china-lithium|metals-australia-indonesia-lithium,infrastructure,Bunbury Port is the primary export gateway for Western Australian spodumene.,,,2024,ausLithiumShare,Bunbury Port serves as the primary export gateway,auto,2026-09-14,
drc-cobalt-quota-2025,baseline,metals-drc-china-cobalt,policy,"After the export suspension, DRC allowed at most 18,125 tonnes of cobalt exports until the end of 2025.","18,125",tonnes,2025 Q4,drcCobaltQuota,"A maximum of 18,125 tonnes is permitted to be exported until the end of the year, according to the statement by ARECOMS.",auto,2026-09-14,
drc-cobalt-quota-2026,baseline,metals-drc-china-cobalt,policy,"The DRC quota system for 2026 and 2027 sets a base quota of 87,000 tonnes.","87,000",tonnes,2026–2027 (set in 2025),drcCobaltQuota,"Plans for the quota system for 2026 and 2027 were published with a base quota of 87,000 tonnes permitted.",auto,2026-09-14,
china-cobalt-july-2025,baseline,metals-drc-china-cobalt,importer,"China imported 4,143 tonnes of cobalt intermediates in July 2025, down 72.27% year on year.","4,143",tonnes (metal content),2025-07,drcCobaltImports,"China imported 4,143 tonnes (metal content) of cobalt intermediates in July, down by 27.28% from 5,697 tonnes in June and by 72.27% from 14,941 tonnes in July 2024, according to the GACC.",auto,2026-09-14,
drc-cobalt-shortfall,baseline,metals-drc-china-cobalt,status,"DRC cobalt hydroxide exports for Q4 2025 were described as less than half, or about one third, of allocated volumes.",,,2025 Q4–2026 Q1,cobaltDiscrepancy,"Cobalt hydroxide exports were described as “less than a half” and “approximately one third” of the export volumes allocated for the fourth quarter of 2025, sources said, mainly due to delays with paperwork and logistics in the DRC.",auto,2026-09-14,
drc-cobalt-durban,baseline,metals-drc-china-cobalt,infrastructure,Cobalt hydroxide is usually trucked to Durban and shipped from there to China.,,,structural,cobaltDiscrepancy,"Cobalt hydroxide, a feedstock for cobalt metal and battery salts, is usually sent by trucks to the South African port of Durban, where it gets sent into China for processing.",auto,2026-09-14,
sa-chrome-2025,baseline,metals-southafrica-china-chrome,exporter,South Africa’s chrome ore exports rose 15.7% to 23.77 million tonnes in 2025 (SARS).,23.77,million tonnes,2025,saChrome,"with total shipments reaching 23.77 million tonnes, marking a 15.7% increase compared to the 20.55 million tonnes exported in the previous year",auto,2026-09-14,
sa-chrome-china,baseline,metals-southafrica-china-chrome,corridor,"China absorbed 12.55 million tonnes of South African chrome ore in 2025, +24.2%.",12.55,million tonnes,2025,saChrome,"China remained the dominant destination, absorbing 12.55 million tonnes last year, higher by a substantial 24.2% year-on-year, the SARS data show.",auto,2026-09-14,
sa-chrome-restrictions,baseline,metals-southafrica-china-chrome,policy,South Africa’s Cabinet approved export restrictions on chrome ore in July 2025.,,,2025-07,chromeOPIS,South Africa’s Cabinet has approved a series of export restrictions on chrome ore in a last-minute bid to save the country’s vanishing ferro alloys industry.,auto,2026-09-14,
sa-mn-exports-11m,baseline,metals-southafrica-china-manganese,exporter,South Africa exported 24 million tonnes of manganese ore in the first 11 months of 2025 (SARS).,24,million tonnes,2025-01/11,mnPocketbook,Data from SARS shows that 24 million tonnes of manganese ore were exported in the first 11 months of 2025.,auto,2026-09-14,
sa-mn-40-export-market,baseline,metals-southafrica-china-manganese,exporter,South Africa accounts for about 40% of the global manganese ore export market.,40%,share,2025,mnPocketbook,"The country is also the world’s leading producer of manganese ore, accounting for about 40% of the global export market.",auto,2026-09-14,
china-mn-seaborne-70,baseline,metals-southafrica-china-manganese|metals-gabon-china-manganese|metals-australia-china-manganese,importer,China consumes nearly 70% of the seaborne manganese ore market.,70%,share,2025,saManganese,China consumes nearly 70% of the seaborne manganese ore market.,auto,2026-09-14,
china-mn-suppliers,baseline,metals-southafrica-china-manganese|metals-gabon-china-manganese|metals-australia-china-manganese,corridor,"In 2024 South Africa supplied 41.9% of China’s manganese ore imports by value, Australia 20.8% and Gabon 18.5% (GTAIC).",41.9%,share (value),2024,mnGtaic,"South Africa with a share of 41.9% in total country's imports of Manganese Ores and Concentrates >20% in 2024 (expressed in US$) , Australia with a share of 20.8% , Gabon with a share of 18.5%",auto,2026-09-14,"Shares by value, not tonnage. The same report gives other shares for a trailing-twelve-month period."
mn-producers-usgs,baseline,metals-southafrica-china-manganese|metals-gabon-china-manganese|metals-australia-china-manganese,exporter,"Gabon’s manganese mine production was an estimated 4,600 thousand tonnes in 2024 (USGS).","4,600",thousand metric tons (Mn content),2024 (estimate),usgsManganese,"Gabon e4,490 4,600 61,000",auto,2026-09-14,"USGS table row: mine production 2023, 2024e, reserves. Rows for South Africa (7,300 7,400) and Australia (2,860 2,800) are in the same table."
gabon-mn-ban-2029,baseline,metals-gabon-china-manganese,policy,Gabon’s president announced that manganese ore exports would be banned by 2029.,2029,,2025,saManganese,Gabon’s newly elected president announced this month that manganese ore exports would be banned by 2029 in order to promote local beneficiation.,auto,2026-09-14,
ree-china-japan-zero,current,metals-china-japan-rareearths,corridor,"China shipped no gallium, dysprosium, terbium or yttrium to Japan in June 2026, extending a zero-export streak.",,,2026-06,reeCrux,"China shipped no gallium, dysprosium, terbium, or yttrium to Japan in June, extending the zero-export streak under controls linked to the diplomatic dispute over Japan's Taiwan comments.",auto,2026-09-14,
ree-takaichi,baseline,metals-china-japan-rareearths,policy,The restrictions followed Prime Minister Sanae Takaichi’s November 2025 comments on Taiwan.,November 2025,,2025-11,reeCrux,"The restrictions, introduced after a diplomatic dispute triggered by Japanese Prime Minister Sanae Takaichi's November 2025 comments on Taiwan",auto,2026-09-14,
ree-april-2025-controls,baseline,metals-china-japan-rareearths,policy,China announced its first export restrictions on heavy rare earths and permanent magnets on 4 April 2025.,,,2025-04,csisRareEarth,"It started on April 4, when China announced its first round of export restrictions on heavy rare earth elements and permanent magnets",auto,2026-09-14,
iea-ree-refining-91,baseline,metals-china-japan-rareearths|metals-malaysia-china-rareearths|metals-australia-malaysia-rareearths,market,"China represents about 91% of global rare earth separation and refining, with Malaysia a distant second.",91%,share,2024,ieaCritical,"China’s dominance is even greater in the separation and refining stages, representing about 91% of global production, with Malaysia a distant second.",auto,2026-09-14,
china-ree-imports-malaysia,baseline,metals-malaysia-china-rareearths,corridor,"Malaysia supplied 13,700 tons, 10.6% of China’s rare earth imports in 2024, behind Myanmar (44,400 tons, ~34%).","13,700",tons,2024,reeChinaBriefing,"Myanmar continues to be its largest source of imports, supplying around 34 percent of China’s REE imports last year, with a total of 44,400 metric tons, followed by Malaysia, which supplied 13,700 tons, accounting for 10.6 percent of total imports.",auto,2026-09-14,
lynas-mount-weld-kuantan,baseline,metals-australia-malaysia-rareearths,corridor,Lynas ships mixed rare earth carbonate concentrate from Mount Weld in Western Australia to Kuantan for separation.,,,structural,lynasMalaysia,Lynas Rare Earths ships mixed rare earth carbonate concentrate from its Mount Weld mine in Western Australia to Kuantan for cracking and separation into individual oxide streams,auto,2026-09-14,
lynas-lamp-outside-china,baseline,metals-australia-malaysia-rareearths|metals-malaysia-china-rareearths,infrastructure,Kuantan’s LAMP is described as the most commercially significant rare earth separation facility outside China.,,,structural,lynasMalaysia,cementing Kuantan’s Lynas Advanced Materials Plant (LAMP) as the most commercially significant rare earth separation facility outside China,auto,2026-09-14,
eu-russian-lng-ban,baseline,lng-yamal-europe,policy,An EU ban on imports of Russian LNG takes effect on 1 January 2027.,2027,,2027,yamalHighNorth,"keeping imports from the Kremlin’s Arctic flagship Yamal LNG project flowing at an unrelenting pace despite an agreed ban that will take effect on Jan. 1, 2027",auto,2026-09-14,
lng-disruption-10bcf,current,lng-qatar-china|lng-qatar-europe,status,"LNG supply disruptions, mostly in Qatar, represented over 10 Bcf/d, 20% of global supply, in April 2026.",10 Bcf/d,,2026-04,eiaUsLng2027,"The disruptions, mostly concentrated in Qatar, currently represent over 10 Bcf/d, or 20% of global supply .",auto,2026-09-14,
china-saudi-crude-oct-2025,baseline,crude-gulf-china,corridor,"China imported 7.02 million tonnes of Saudi crude in October 2025, about 1.65 million b/d, up 21% year on year.",7.02,million tonnes,2025-10,agbiChina,"Imports from Saudi Arabia, which is the second‑largest supplier to China, jumped 21 percent year on year to 7.02 million tonnes, or 1.65 million barrels per day, last month.",auto,2026-09-14,
iraq-india-collapse,current,crude-gulf-india,corridor,"Iraq, which supplied India with 1.0–1.5 mbpd before the disruption, fell to just 0.1–0.3 mbpd after Hormuz closed.",1.5,mbpd,2026-03/04,axsIndia,Iraq — which previously supplied 1.0–1.5 mbpd — collapsed to just 0.1–0.3 mbpd.,auto,2026-09-14,
japan-crude-uae-saudi,baseline,crude-gulf-japan,corridor,The UAE supplies roughly 44% of Japan’s crude imports and Saudi Arabia 40%.,40,percent,before the 2026 closure,orfJapan,"The United Arab Emirates (UAE) alone accounts for roughly 44percent of Japan’s crude imports, followed by Saudi Arabia (40 percent), Kuwait (7 percent) and Qatar (4 percent).",auto,2026-09-14,The article (April 2026) does not date the shares; they describe the pre-closure pattern.
korea-crude-hormuz-60,baseline,crude-gulf-korea,corridor,"Over 60% of South Korea’s pre-war crude imports (January 2025–February 2026) transited Hormuz, the large majority from Saudi Arabia.",60%,share,2025-01/2026-02,vortexaKorea,"with over 60% of pre-war average (Jan 2025 - Feb 2026) imports transiting the Strait of Hormuz , the large majority from Saudi Arabia",auto,2026-09-14,
yanbu-korea-830,current,crude-gulf-korea|crude-yanbu-europe,corridor,"In Q2 2026 South Korea and China were the joint-largest buyers of Yanbu crude, at about 830 kbd each.",830,kbd,2026 Q2,vortexaKorea,"Yanbu seaborne crude liftings climbed to 4.2mbd in Q2 2026, more than triple y-o-y, with South Korea and China the joint-largest recipients of exports at ~830kbd each (>20% of Q2 Yanbu crude exports).",auto,2026-09-14,
sidi-kerir-europe,current,crude-yanbu-europe,corridor,"Exports from Egypt’s Sidi Kerir, fed with Saudi crude through SUMED, more than doubled to about 2.3 mn bbl/d in August 2026.",2.3,mn bbl/d,2026-08,enterpriseSidiKerir,"Crude exports from Egypt’s Sidi Kerir more than doubled to around 2.3 mn bbl / d in August from some 1 mn bbl / d in July, with Saudi barrels accounting for most of the increase",auto,2026-09-14,The same article: “Most Saudi crude leaving Sidi Kerir is heading to Europe and the US”.
sidi-kerir-destinations,current,crude-yanbu-europe,corridor,Most Saudi crude leaving Sidi Kerir heads to Europe and the US.,,,2026-08,enterpriseSidiKerir,Most Saudi crude leaving Sidi Kerir is heading to Europe and the US,auto,2026-09-14,
ew-pipeline-shut,current,petroline|crude-yanbu-europe,status,Saudi Aramco shut its 7mn b/d East-West crude pipeline in September 2026 after drone attacks originating in Iraq.,7mn,b/d,2026-09-11,argusEWshut,"State-owned Saudi Aramco has shut down its 7mn b/d East-West crude pipeline, Saudi Arabia's primary conduit for exporting crude since the start of the US-Iran war, following drone attacks originating in Iraq, Riyadh said on Friday.",auto,2026-09-14,
houthi-saudi-blockade,current,babElMandeb|crude-yanbu-europe,status,Yemen’s Houthis announced a naval blockade of Saudi Arabia in July 2026; tankers carrying Saudi crude from Yanbu to Asia reversed course.,,,2026-07,ajBabMandeb,Two tankers carrying Saudi crude to Asia have reversed course in the Red Sea after Yemen’s Houthis announced a blockade of Saudi ports,auto,2026-09-14,
fujairah-india-flows,current,crude-fujairah-india|adcop,corridor,"In April 2026, weekly UAE-to-India crude flows stayed at 0.40–0.55 mbpd, almost all loaded at Fujairah.",0.55,mbpd,2026-04,axsIndia,"Weekly UAE-to-India crude flows remained in the 0.40–0.55 mbpd range, but almost all volumes loaded through Fujairah, while Hormuz-side liftings fell effectively to zero through most of the month.",auto,2026-09-14,
russia-india-discharges,baseline,crude-russia-baltic-india|crude-blacksea-india,corridor,"Russian crude discharges in India stabilised at about 1.2 mb/d from December 2025, 32% below the 2024–2025 average.",1.2,mb/d,2025-12/2026-02,kseFeb26,"Since December 2025, Russian crude oil discharges in India have stabilized at ~1.2 mb/d, 32% below the 2024-2025 average, with Saudi Arabia overtaking Russia as India’s leading supplier in the first half of February 2026.",auto,2026-09-14,All Russian ports combined; the source does not split Baltic and Black Sea loadings.
russia-india-april-2026,current,crude-russia-baltic-india|crude-blacksea-india,corridor,"India’s imports of Russian crude rose to between two million and 2.25 million barrels per day in April 2026, according to petroleum minister Hardeep Singh Puri.",2.25,million barrels per day,2026-04,bairdIndiaRu,"India's importation of Russian crude increased to between two million and 2.25 million barrels per day in April 2026, the country's petroleum minister Hardeep Singh Puri told local media recently.",auto,2026-09-14,
us-distillate-netherlands,baseline,products-usgulf-europe,corridor,"US distillate exports to the Netherlands averaged 98,000 b/d in 2025.","98,000",b/d,2025,hpUsFuels,"Distillate exports to the Netherlands decreased by 5,000 b/d (5%), falling to 98,000 b/d.",auto,2026-09-14,
us-distillate-uk-record,baseline,products-usgulf-europe,corridor,"US distillate exports to the United Kingdom set a record annual average of 89,000 b/d in 2025.","89,000",b/d,2025,hpUsFuels,"The United Kingdom set a record on an annual average basis in 2025, increasing to 89,000 b/d and rising above the previous record of 81,000 b/d set in 2024.",auto,2026-09-14,
turkey-diesel-russia-85,baseline,products-russia-turkey,corridor,"About 85% of Turkey’s diesel imports, 11.6 million tonnes, came from Russia in 2025.",11.6,million tonnes,2025,agbiTurkey,In 2025 about 85 percent (11.6 million tonnes) of Turkey’s diesel imports came from Russia.,auto,2026-09-14,
turkey-diesel-june-2026,current,products-russia-turkey,status,"Turkey’s imports of Russian diesel fell from 1.1 million tonnes in May 2026 to 716,000 tonnes in June, before Moscow halted diesel exports in July.","716,000",tonnes,2026-06,agbiTurkey,"In May, Turkey imported 1.1 million tonnes of Russian diesel, according to S&P Global. After the Ukrainian strikes on Russian refineries, this fell to 716,000 tonnes in June.",auto,2026-09-14,
russia-diesel-ban-july,current,products-russia-turkey,policy,Moscow announced on 8 July 2026 that it was halting diesel exports until the end of the month.,,,2026-07,agbiTurkey,"Moscow announced on July 8 that it was halting outbound shipments of diesel until the end of the month, in response to Ukrainian attacks damaging its energy infrastructure.",auto,2026-09-14,
qatar-europe-2023,baseline,lng-qatar-europe,corridor,"Qatar delivered 15.1 million tonnes of LNG to Europe in 2023, 19% of its exports, almost exclusively via the Suez Canal.",15.1,million tonnes,2023,lnghubQatarEU,"In 2023, Qatar exported 79.8 million tonnes of LNG, of which 15.1 million tonnes (19%) were delivered to Europe, almost exclusively via the Suez Canal.",auto,2026-09-14,Before the Red Sea attacks pushed gas carriers around the Cape.
italy-qatar-33,baseline,lng-qatar-europe,corridor,"Italy, Europe’s most Qatar-dependent LNG buyer, took 33% of its 2025 LNG imports from Qatar.",33%,share,2025,ieefaEuLng,"Italy is more reliant on Qatari LNG than any other European country, with 33% of its 2025 LNG imports from Qatar.",auto,2026-09-14,
europe-qatar-q1-2026,current,lng-qatar-europe,status,Europe’s imports of Qatari LNG fell in Q1 2026 as the Hormuz closure from early March limited Qatari exports.,,,2026 Q1,ieefaEuLng,"Europe’s imports of Qatari LNG fell in the first quarter (Q1) of 2026, with the effective closure of the Strait of Hormuz from early March limiting exports from the country.",auto,2026-09-14,
yamal-china-summer-2025,baseline,lng-yamal-china-nsr,corridor,"Of 56 Yamal LNG cargoes in June–August 2025, 8 went to China.",56,cargoes,2025-06/08,chnlYamal,"During the summer months, a total of 56 LNG cargo shipments were recorded from the Yamal LNG terminal. Of these, 5 voyages were directed to Kildin Island for transshipment, 8 shipments went to China, 2 to South Korea, and 1 to Taiwan.",auto,2026-09-14,
china-coal-indonesia-2025,baseline,coal-indonesia-china,corridor,"China imported 211 million tonnes of coal from Indonesia in 2025, down 12.26% (China customs).",211,million tonnes,2025,apbiChinaIndo,"China imported 211 million tonnes of coal from top supplier Indonesia in 2025, slumping 12.26% from the year-ago level, showed data from the General Administration of Customs (GAC).",auto,2026-09-14,
australia-coal-japan-30,baseline,coal-australia-japan,corridor,"Since China resumed buying, Japan represents just 30% of Australia’s coal exports.",30%,share,2024,ieefaAUcoal,"Since China’s coal trade resumed, the Japan market now represents just 30% of our coal exports.",auto,2026-09-14,
australia-coking-china-june-2026,current,coal-australia-china,corridor,Australian coking coal shipments to China surged 99% month on month to 2.93 million tonnes in June 2026.,2.93,million tonnes,2026-06,indexboxAuMet,"Shipments to China surged 99% month-on-month to 2.93 million tonnes, fueled by increased procurement amid domestic supply constraints, stronger demand from steel producers, and competitive pricing for Australian cargoes.",auto,2026-09-14,
korea-coal-australia-dec-2025,baseline,coal-australia-korea,corridor,"South Korea imported 3.19 million tonnes of coal from Australia in December 2025, its largest supplier.",3.19,million tonnes,2025-12,apbiKorea,"South Korea still imported most coal from Australia at 3.19 million tonnes in December, up 2.12% YoY and 1.16% MoM.",auto,2026-09-14,
brazil-iron-europe-dec-2025,baseline,iron-brazil-europe,corridor,"Brazil shipped 1.172 million tonnes of iron ore to Europe in December 2025, against 28.203 million to China.",1.172,million mt,2025-12,steelorbisBrazil,"The iron ore exports were destined to Asia (32.886 million mt, of which 28.203 million mt to China), the Middle East (1.977 million mt), Europe (1.172 million mt), and Africa (675,600 mt), while smaller volumes were shipped to Mexico and Argentina.",auto,2026-09-14,
us-soy-china-one-cargo,baseline,grain-usgulf-china,corridor,"China received just one cargo (49,000 tonnes) of US soybeans in the first quarter of the 2025/26 marketing year (USDA FGIS).","49,000",tonnes,2025/26 Q1,bbSoy,"Data from the Federal Grain Inspection Service (FGIS) of the USDA show China received just one cargo (49,000 tonnes) of US soybeans in the first quarter.",auto,2026-09-14,
us-china-soy-deal,baseline,grain-usgulf-china,policy,Under the November 2025 trade deal China agreed to buy at least 12 million tonnes of US soybeans in the last two months of 2025 and at least 25 million tonnes a year in 2026–2028.,25 million,tonnes a year,2025-11,bbSoy,"At the beginning of November, the United States and China announced a trade deal that included China’s agreement to buy US soybeans: at least 12 million tonnes in the final two months of 2025 and at least 25 million tonnes per year in 2026, 2027 and 2028.",auto,2026-09-14,
drc-cobalt-china-2024,baseline,metals-drc-china-cobalt,corridor,"In the last four months of 2024 the DRC exported just under 68,000 tonnes of cobalt contained in hydroxide to China.","68,000",tonnes,2024-09/12,fmDrcSuspension,"In the last four months of 2024, the DRC exported just under 68,000 tonnes of cobalt contained in hydroxide to China.",auto,2026-09-14,
iraq-india-before,baseline,crude-gulf-india,corridor,"Before the Hormuz disruption, Iraq supplied India with 1.0–1.5 mbpd of crude.",1.5,mbpd,before March 2026,axsIndia,Iraq — which previously supplied 1.0–1.5 mbpd — collapsed to just 0.1–0.3 mbpd.,auto,2026-09-14,
india-replacement-suppliers,current,crude-gulf-india|crude-fujairah-india|crude-russia-baltic-india|crude-blacksea-india,importer,"After the closure, Iraq, Kuwait and Qatar effectively exited India’s crude slate, partially replaced by Saudi crude from Yanbu, UAE crude from Fujairah and more Russian exports.",,,2026-03/04,axsIndia,"The most Hormuz-dependent suppliers — Iraq, Kuwait, and Qatar — effectively exited the Indian crude slate, partially replaced by Saudi Yanbu, UAE Fujairah, and incremental Russian exports.",auto,2026-09-14,
uae-india-fujairah-before,baseline,crude-fujairah-india,corridor,"Before the disruption, UAE crude for India loaded in an approximate 70/30 split between Gulf-side terminals and Fujairah or Khor Fakkan.",70/30,split,before March 2026,axsIndia,"Before the disruption, UAE crude reached Indian refiners through an approximate 70/30 split: Persian Gulf-side terminals — Jebel Dhanna, Das Island, and Ruwais — dominated exports, while Fujairah and Khor Fakkan on the Sea of Oman side carried a meaningful but secondary share.",auto,2026-09-14,
japan-alternative-routes,current,crude-gulf-japan,importer,"Japan has been securing Middle Eastern crude via routes outside Hormuz, such as Saudi Arabia’s Yanbu and the UAE’s Fujairah.",,,since 2026-03,argusJapanPM,"Japan has been working to secure supplies via alternative routes outside of the strait of Hormuz, such as Saudi Arabia's Yanbu and the UAE's Fujairah.",auto,2026-09-14,
japan-april-20pc,current,crude-gulf-japan,importer,"Japan aimed to import 20% of its average 2025 crude import level in April 2026, covering the rest from oil reserves.",20,percent of average 2025 imports,2026-04,argusJapanPM,"In April, Japan aims to bring in 20pc worth of average 2025 import levels, and the rest will be covered by the oil reserves release.",auto,2026-09-14,
crude-gulf-china-vessel,baseline,crude-gulf-china,freight,Vessel class on this trade: VLCC.,,,structural,frtheedgemalaysi78fc6b,"The 270,000mt Middle East Gulf to China trip (TD3C) having risen almost 10 points to the WS70 level mid-week, the rate is now being assessed at WS64.94. The corresponding round-trip TCE is US$44,160/day basis the Baltic Exchange's vessel description.",auto,2026-09-15,"Baltic Exchange benchmark TD3C (270,000 mt Middle East Gulf to China), listed under the report's 'VLCC' heading. Benchmark-level, not port-specific."
crude-gulf-china-transit,baseline,crude-gulf-china,freight,"Published transit time: around 60 days (round voyage (laden + ballast + port time), not one-way).",,,structural,frtankersinterna4378a0,"While a round voyage from the Middle East to China typically takes around 60 days, the Brazil to China roundtrip could take 100 days and more.",auto,2026-09-15,"Basis: round voyage (laden + ballast + port time), not one-way"
crude-gulf-india-vessel,baseline,crude-gulf-india,freight,Vessel class on this trade: VLCC.,,,structural,frbreakwaveadvisdfa642,"Crude accounts for 97.9% of Iraq's total dirty cargo exports, and Very Large Crude Carriers (VLCCs) handle 88.3% of all shipments.",auto,2026-09-15,"Share of all Iraqi dirty-cargo shipments (all destinations), not India-specific. Anecdotal India-specific support: Reuters via Hydrocarbon Processing (2025-07-30, pages/hcp-nayara-vlcc.txt) reports 'Supertanker Kalliopi' discharging Iraqi oil at Nayara's Vadinar refinery. Suezmaxes also used (gCaptain/Bloomberg 2026-05-16, pages/gcaptain-iraq-india.txt)."
crude-gulf-japan-vessel,baseline,crude-gulf-japan,freight,Vessel class on this trade: VLCC.,,,structural,frmolmitsuioskli909a8e,"In fact, most of the crude oil shipped from the Middle East to Japan is imported by very large crude carriers, known as VLCCs, which take about 20 days each way, 45 to 50 days per voyage, including the time required for loading and unloading.",auto,2026-09-15,
crude-gulf-japan-distance,baseline,crude-gulf-japan,freight,"Published sea distance for this voyage: about 6,600 nautical miles.","6,600",nautical miles,structural,frmolmitsuioskli909a8e,"The navigation distance on this route is approximately 6,600 miles, so the crude oil tanker navigating at 14 knots would require about 470 hours (19.5 days).",auto,2026-09-15,"Routing: via Strait of Hormuz and Straits of Malacca/Singapore; Approximate figure ('approximately 6,600 miles'); the article uses 'miles' for nautical miles (it defines the nautical mile just above). Ras Tanura to Tokyo Bay."
crude-gulf-japan-transit,baseline,crude-gulf-japan,freight,Published transit time: about 19.5 days (about 20 days each way) (at 14 knots).,,,structural,frmolmitsuioskli909a8e,"The navigation distance on this route is approximately 6,600 miles, so the crude oil tanker navigating at 14 knots would require about 470 hours (19.5 days). In fact, most of the crude oil shipped from the Middle East to Japan is imported by very large crude carriers, known as VLCCs, which take about 20 days each way, 45 to 50 days per voyage, including the time required for loading and unloading.",auto,2026-09-15,Basis: at 14 knots
crude-gulf-korea-vessel,baseline,crude-gulf-korea,freight,Vessel class on this trade: VLCC.,,,structural,froilpricecomrep58ff1b,"The crude cargoes were split evenly among three Very Large Crude Carriers (VLCCs) heading to Asian refining hubs. The first was Universal Winner, a South Korean-flagged supertanker carrying 2 million barrels of Kuwaiti crude oil. Shipping data on LSEG and Kpler showed that the vessel is currently en route to Ulsan, South Korea",auto,2026-09-15,"Single-cargo anecdote (Kuwaiti crude to Ulsan, 2026), not a trade-level statement; kind: reference."
crude-gulf-europe-suez-vessel,baseline,crude-gulf-europe-suez,freight,Vessel class on this trade: VLCC.,,,structural,frkplerb78b3f,"Importantly, the Suez Canal can only transport at most 1 million barrels of oil aboard either a fully loaded Suezmax or a half-laden VLCC.",auto,2026-09-15,"Canal constraint, not a trade statement for Gulf-Rotterdam. EIA's voyage-time calculation for this lane assumes a laden Suezmax (see transit)."
crude-gulf-europe-suez-distance,baseline,crude-gulf-europe-suez,freight,"Published sea distance for this voyage: about 6,436 nautical miles.","6,436",nautical miles,structural,fregyptiancentera9af9f,"The tanker needs 17 days and 21 hours to arrive at the port of Rotterdam based on the 6,436 nautical miles travelled during the voyage via the Suez Canal route. With the Cape of Good Hope route, the tanker will travel 11,169 nautical miles, which translates to a journey time of 31 days and 1 hour.",auto,2026-09-15,"Routing: via Suez Canal; Ras Tanura to Rotterdam. Geopolitical Monitor (2024-01-08, pages/geomonitor-redsea.txt) attributes the same 6,436 / 11,169 nm figures to the Suez Canal Authority."
crude-gulf-europe-suez-transit,baseline,crude-gulf-europe-suez,freight,Published transit time: 19 days.,,,structural,frusenergyinforme22a29,"A typical voyage from the Persian Gulf to the Amsterdam-Rotterdam-Antwerp petroleum trading hub (ARA) via the Suez Canal takes 19 days. If the ship takes the Cape of Good Hope route, it takes nearly 35 days to reach the ARA.",auto,2026-09-15,"Basis: laden Suezmax at 14 knots, Persian Gulf to ARA, no extended chokepoint delays"
crude-gulf-europe-cape-vessel,baseline,crude-gulf-europe-cape,freight,Vessel class on this trade: VLCC.,,,structural,fregyptiancentera9af9f,"In contrast, when examining the route taken by VLCC oil tankers from the port of Ras Tanura in the Arabian Gulf to the port of Rotterdam via the Cape of Good Hope, the situation is different. VLCC oil tankers have an average fuel consumption of 115 tons per day and an average speed of 15 knots at the conclusion of their journey.",auto,2026-09-15,"Illustrative comparison example, not a trade-flow statistic."
crude-gulf-europe-cape-distance,baseline,crude-gulf-europe-cape,freight,"Published sea distance for this voyage: about 11,169 nautical miles.","11,169",nautical miles,structural,fregyptiancentera9af9f,"The tanker needs 17 days and 21 hours to arrive at the port of Rotterdam based on the 6,436 nautical miles travelled during the voyage via the Suez Canal route. With the Cape of Good Hope route, the tanker will travel 11,169 nautical miles, which translates to a journey time of 31 days and 1 hour.",auto,2026-09-15,Routing: via Cape of Good Hope; Ras Tanura to Rotterdam; also attributed to the Suez Canal Authority by Geopolitical Monitor.
crude-gulf-europe-cape-transit,baseline,crude-gulf-europe-cape,freight,Published transit time: nearly 35 days.,,,structural,frusenergyinforme22a29,"A typical voyage from the Persian Gulf to the Amsterdam-Rotterdam-Antwerp petroleum trading hub (ARA) via the Suez Canal takes 19 days. If the ship takes the Cape of Good Hope route, it takes nearly 35 days to reach the ARA.",auto,2026-09-15,"Basis: laden Suezmax at 14 knots, Persian Gulf to ARA via the Cape"
crude-yanbu-europe-vessel,baseline,crude-yanbu-europe,freight,Vessel class on this trade: VLCC.,,,structural,frkplerb78b3f,"Importantly, the Suez Canal can only transport at most 1 million barrels of oil aboard either a fully loaded Suezmax or a half-laden VLCC.",auto,2026-09-15,"Al Jazeera (2026-07-22, pages/aljazeera-suez-yanbu.txt) quotes an analyst saying Yanbu exports are 'predominantly loaded on VLCCs', so northbound Suez flows need Suezmax liftings or lightering."
crude-russia-baltic-india-vessel,baseline,crude-russia-baltic-india,freight,Vessel class on this trade: Aframax.,,,structural,frbairdmaritimer5a4d5c,"According to sources, the cost of shipping Aframax cargoes from Primorsk to India fell to as low as $10 million to $11 million, from more than $13 million in late May.",auto,2026-09-15,
crude-russia-baltic-india-distance,baseline,crude-russia-baltic-india,freight,"Published sea distance for this voyage: about 7,000 nautical miles.","7,000",nautical miles,structural,frtheprintciting3f79ed,"The route threads through the North Sea, the Strait of Gibraltar, the Mediterranean Sea, the Suez Canal and the Red Sea before the vessel reaches Indian waters. This comes to an approximate distance of 7,000 nautical miles, or 12,964 kilometres, according to Kpler and Drewry Maritime Research.",manual,2026-09-15,"Routing: via Danish straits, Gibraltar, Suez Canal and Red Sea; Approximate, Baltic to India generic (not Primorsk-Vadinar specific). Page served a browser check to normal clients; saved via a crawler user-agent - consider verification: manual.; ThePrint serves a Cloudflare browser check to scripts; quote read on the full article."
crude-russia-baltic-india-transit,baseline,crude-russia-baltic-india,freight,Published transit time: 25 to 30 days.,,,structural,frtheprintciting3f79ed,"A typical cargo from the Baltic takes 25 to 30 days to reach India, according to Nikhil Dubey, senior research analyst for oil markets at Kpler.",manual,2026-09-15,Basis: typical Baltic cargo to India (Kpler analyst); ThePrint serves a Cloudflare browser check to scripts; quote read on the full article.
crude-russia-pacific-china-vessel,baseline,crude-russia-pacific-china,freight,Vessel class on this trade: Aframax.,,,structural,frgcaptainbloomb8900f7,"Most ships typically used for the trade are Aframaxes, which have capacity of around 750,000 barrels.",auto,2026-09-15,
crude-russia-pacific-china-transit,baseline,crude-russia-pacific-china,freight,Published transit time: less than a week.,,,structural,frenergynewsbeat14eb99,ESPO loads on Russia's Pacific coast and reaches Chinese ports in less than a week.,auto,2026-09-15,"Basis: Kozmino to Chinese ports, no speed stated"
crude-blacksea-india-vessel,baseline,crude-blacksea-india,freight,Vessel class on this trade: Suezmax.,,,structural,frbairdmaritimer5a4d5c,The cost of shipping Urals from the Black Sea port of Novorossiisk to India on Suezmax tankers declined to $15 million from $18 million.,auto,2026-09-15,
crude-blacksea-india-distance,baseline,crude-blacksea-india,freight,"Published sea distance for this voyage: about 4,200 nautical miles.","4,200",nautical miles,structural,frtheprintciting3f79ed,"The second major corridor begins at Russia's Novorossiysk terminal and runs through the Mediterranean Sea, the Suez Canal and the Red Sea before reaching India-a 4,200-nautical mile voyage of 15 to 20 days, considerably shorter than the Baltic route.",manual,2026-09-15,"Routing: via Turkish straits, Mediterranean, Suez Canal and Red Sea; Novorossiysk to India, generic Indian destination; attribution in the sentence is to the article, not explicitly Kpler/Drewry.; ThePrint serves a Cloudflare browser check to scripts; quote read on the full article."
crude-blacksea-india-transit,baseline,crude-blacksea-india,freight,Published transit time: 15 to 20 days.,,,structural,frtheprintciting3f79ed,"The second major corridor begins at Russia's Novorossiysk terminal and runs through the Mediterranean Sea, the Suez Canal and the Red Sea before reaching India-a 4,200-nautical mile voyage of 15 to 20 days, considerably shorter than the Baltic route.",manual,2026-09-15,Basis: no speed stated; ThePrint serves a Cloudflare browser check to scripts; quote read on the full article.
crude-usgulf-europe-vessel,baseline,crude-usgulf-europe,freight,Vessel class on this trade: Aframax.,,,structural,frtheedgemalaysi78fc6b,"The rate for the trans-Atlantic route of 70,000mt US Gulf/UK Continent (TD25) has been pushed by six points to WS146.39 giving a round trip TCE basis Houston/Rotterdam of US$33,376/day.",auto,2026-09-15,"Baltic TD25 (70,000 mt US Gulf/UK Continent, basis Houston/Rotterdam), listed under the report's 'Aframax' heading. Benchmark basis is Houston, not Corpus Christi. A Suezmax USG/UKC route (TD33, 145,000 mt) also exists (The Edge 2026-07-24, pages/edge-baltic-20260724.txt)."
crude-wafrica-china-vessel,baseline,crude-wafrica-china,freight,Vessel class on this trade: VLCC.,,,structural,frtheedgemalaysi78fc6b,"In the Atlantic market, the rate for 260,000mt West Africa/China (TD15) rose six points to WS68 midweek and has now fallen back to WS66.19 giving a round voyage TCE of US$46,032/day.",auto,2026-09-15,"Baltic TD15 (260,000 mt West Africa/China), listed under the report's 'VLCC' heading; benchmark-level."
crude-wafrica-china-distance,baseline,crude-wafrica-china,freight,"Published sea distance for this voyage: about 10,355 nautical miles.","10,355",nautical miles,structural,frfluentcargo99c705,"The distance between Luanda and Ningbo by cargo ship is 10,355 Nautical Miles (19,178 Kilometres / 11,916 Miles). This distance is measured by sea between Luanda (AOLAD) and Ningbo (CNNGB).",auto,2026-09-15,Routing: not stated by source
crude-brazil-china-vessel,baseline,crude-brazil-china,freight,Vessel class on this trade: VLCC.,,,structural,frtankersinterna4378a0,"The combination of rising Brazilian crude supply, shifting geopolitical dynamics, and price-sensitive Chinese refinery demand has led to a significant increase in VLCC shipments from Brazil to China in recent months.",auto,2026-09-15,
crude-brazil-china-distance,baseline,crude-brazil-china,freight,"Published sea distance for this voyage: about 12,449 nautical miles.","12,449",nautical miles,structural,frfluentcargo14a20b,"The distance between São Paulo and Qingdao by cargo ship is 12,449 Nautical Miles (23,056 Kilometres / 14,326 Miles). This distance is measured by sea between Santos (BRSSZ) and Qingdao (CNQDG).",auto,2026-09-15,Routing: not stated by source
crude-brazil-china-transit,baseline,crude-brazil-china,freight,"Published transit time: 100 days and more (round trip, not one-way).",,,structural,frtankersinterna4378a0,"While a round voyage from the Middle East to China typically takes around 60 days, the Brazil to China roundtrip could take 100 days and more.",auto,2026-09-15,"Basis: round trip, not one-way"
products-gulf-europe-vessel,baseline,products-gulf-europe,freight,Vessel class on this trade: LR2 product tanker.,,,structural,frargusmediab47775,"This would be balanced out by the Suez Canal transit fee, which is around $520,000 for a Long Range 2 (LR2) tanker.",auto,2026-09-15,Argus discusses the Mideast Gulf-Europe diesel route on LR2 basis. Baltic benchmark TC20 is '90kt MEG/UK-Continent' under the LR2 heading (pages/edge-baltic-20250221.txt); LR1 TC8 65kt MEG/UK-Continent also exists.
products-gulf-europe-transit,baseline,products-gulf-europe,freight,Published transit time: 19 days.,,,structural,frusenergyinforme22a29,"A typical voyage from the Persian Gulf to the Amsterdam-Rotterdam-Antwerp petroleum trading hub (ARA) via the Suez Canal takes 19 days. If the ship takes the Cape of Good Hope route, it takes nearly 35 days to reach the ARA.",auto,2026-09-15,Basis: Persian Gulf to ARA via Suez; EIA calculation for a laden Suezmax at 14 knots (crude basis)
products-india-europe-vessel,baseline,products-india-europe,freight,Vessel class on this trade: LR2 product tanker.,,,structural,fropis35325e,"According to commodity analytics firm Vortexa, the LR2 oil tanker Proteus Bohemia discharged 105,000 metric tons of diesel from Reliance's 1.4 million barrels/day Jamnagar refinery in Rotterdam on Tuesday.",auto,2026-09-15,"Cargo-level example (Jamnagar to Rotterdam). Reuters via Business Standard (2026-07-31, pages/bs-reliance-diesel.txt) prices 'an LR2 tanker to ship refined fuels from west coast India to Europe'."
products-india-europe-transit,baseline,products-india-europe,freight,Published transit time: 42 days (via Cape of Good Hope (24 days via Suez before the Red Sea disruptions)).,,,structural,frcnbccitingkple101996,"Before the Red Sea disruptions, a tanker from Jamnagar, India to Rotterdam, Netherlands would have taken 24 days. Sailing through the Cape of Good Hope, the duration of the same voyage has risen to 42 days.",auto,2026-09-15,Basis: via Cape of Good Hope (24 days via Suez before the Red Sea disruptions); no speed stated
products-usgulf-brazil-vessel,baseline,products-usgulf-brazil,freight,Vessel class on this trade: MR product tanker.,,,structural,frtheedgemalaysi78fc6b,"On the TC18, the 38kt US Gulf/Brazil index climbed 16.07 points to WS160.36",auto,2026-09-15,"Baltic TC18 (38kt US Gulf/Brazil), in the report's 'MR' section; benchmark-level."
products-usgulf-europe-vessel,baseline,products-usgulf-europe,freight,Vessel class on this trade: MR product tanker.,,,structural,frtheedgemalaysi78fc6b,TC14 38kt US-Gulf/UK-Continent went from WS92.14 to WS110.71.,auto,2026-09-15,"Baltic TC14 (38kt US Gulf/UK-Continent), in the report's 'MR' section; benchmark-level."
products-usgulf-europe-distance,baseline,products-usgulf-europe,freight,"Published sea distance for this voyage: about 5,275 nautical miles.","5,275",nautical miles,structural,frfluentcargo03a971,"The distance between Houston and Rotterdam by cargo ship is 5,275 Nautical Miles (9,768 Kilometres / 6,070 Miles). This distance is measured by sea between Houston (USHOU) and Rotterdam (NLRTM).",auto,2026-09-15,Routing: not stated by source
products-gulf-eafrica-vessel,baseline,products-gulf-eafrica,freight,Vessel class on this trade: MR product tanker.,,,structural,frtheedgemalaysi78fc6b,MR's in the MEG hopped upward this week off the back of decent activity levels. TC17 35kt MEG/East Africa index is currently WS207.79 (+16.36).,auto,2026-09-15,"Baltic TC17 (35kt MEG/East Africa), in the report's 'MR' section; benchmark-level. Search results mention a Platts LR2 Persian Gulf-East Africa assessment basis Ruwais-Mombasa, but the S&P page returned 403 and was not used."
products-usgulf-southamerica-vessel,baseline,products-usgulf-southamerica,freight,Vessel class on this trade: MR product tanker.,,,structural,frfreightwaves4759fa,"Since the Panama Canal Authority (ACP) began heavily restricting reservation slots at the start of November, waiting time for ships without reservations has dramatically increased - and spot rates for medium range (MR) product tankers using the canal have skyrocketed to record highs.",auto,2026-09-15,Article covers US Gulf-Chile and US Gulf-Peru product tanker rates (Argus); MR is the segment named.
products-usgulf-southamerica-transit,baseline,products-usgulf-southamerica,freight,Published transit time: about 23 days (Houston to Chile via Panama Canal (typical)).,,,structural,frgcaptainreutera6ec97,"The voyage could take 32 days and travel more than 10,000 nautical miles (18,520 km) before it ends next week, compared with about 23 days and less than 5,000 miles for a typical route through the Panama Canal.",auto,2026-09-15,Basis: Houston to Chile via Panama Canal (typical); no speed stated
crude-guyana-europe-vessel,baseline,crude-guyana-europe,freight,Vessel class on this trade: Suezmax.,,,structural,frifchorgalbrait14a589,"Predominantly a Suezmax business, with 84% of crude exports being carried on the size since the beginning of 2020, there have been increasing volumes lifted on larger VLCC sized stems. Across 2024 to date, VLCCs have accounted for just over a quarter of liftings.",auto,2026-09-15,"Guyana exports overall (all destinations). Baltic TD27 benchmark is 'Guyana to UK Continent basis 130,000mt' under the Suezmax heading, discharge Rotterdam (pages/edge-baltic-20250221.txt). VLCCs cannot lift from the FPSOs in Oct-Dec per IFCHOR."
lng-qatar-china-vessel,baseline,lng-qatar-china,freight,Vessel class on this trade: LNG carrier.,,,structural,eiaPanamaLng,"Only the 45 largest LNG vessels, 4.5-Bcf to 5.7-Bcf capacity Q-Flex and Q-Max tankers used for exports from Qatar,",auto,2026-09-15,Segment-level: EIA says Q-Flex and Q-Max tankers are used for Qatar's exports (2016). Qatar also uses conventional carriers; no China-specific vessel statement found.
lng-qatar-europe-vessel,baseline,lng-qatar-europe,freight,Vessel class on this trade: LNG carrier.,,,structural,eiaPanamaLng,"Only the 45 largest LNG vessels, 4.5-Bcf to 5.7-Bcf capacity Q-Flex and Q-Max tankers used for exports from Qatar,",auto,2026-09-15,"Segment-level. MediTelegraph (2017-06-16, pages/meditelegraph-qatar.txt) names Q-Flex/Q-Max and standard vessels on Qatar-Europe runs round Africa."
lng-qatar-europe-transit,baseline,lng-qatar-europe,freight,Published transit time: about 27 days (Ras Laffan to Zeebrugge via Cape of Good Hope (about 16 days via Suez)).,,,structural,frkpler4acfb4,It takes about 16 days to sail from Ras Laffan in Qatar to Zeebrugge via the Suez Canal compared to about 27 days via the Cape of Good Hope.,auto,2026-09-15,Basis: Ras Laffan to Zeebrugge via Cape of Good Hope (about 16 days via Suez); no speed stated
lng-us-europe-vessel,baseline,lng-us-europe,freight,Vessel class on this trade: LNG carrier.,,,structural,frtheedgemalaysi78fc6b,"In the Atlantic, the BLNG2 Sabine-UK Continent route saw 174k cbm rates rise by US$2,000 to US$6,800/day, while 160k cbm vessels remained flat at US$1,300/day.",auto,2026-09-15,Baltic benchmark BLNG2 Sabine-UK Continent assessed for 174k cbm (2-stroke) and 160k cbm vessels; benchmark-level.
lng-us-japan-vessel,baseline,lng-us-japan,freight,Vessel class on this trade: LNG carrier.,,,structural,frtheedgemalaysi78fc6b,"Meanwhile, the BLNG3 Sabine-Tokyo route posted a US$1,400 gain for 174k cbm vessels, bringing rates to US$10,000/day, whereas 160k cbm vessels held steady at US$2,600/day.",auto,2026-09-15,Baltic benchmark BLNG3 Sabine-Tokyo; benchmark-level.
lng-us-japan-transit,baseline,lng-us-japan,freight,Published transit time: approximately 25 days.,,,structural,frinstituteofgeo617a48,"In terms of transit time, the Panama Canal route is the shortest, at approximately 25 days.",auto,2026-09-15,"Basis: via Panama Canal (Cape of Good Hope 45 days, Suez 42 days); no speed stated"
lng-australia-japan-vessel,baseline,lng-australia-japan,freight,Vessel class on this trade: LNG carrier.,,,structural,frtheedgemalaysi78fc6b,"On the BLNG1 Gladstone-Tokyo route, 174k cbm vessels remained unchanged at US$10,900/day. However, 160k cbm vessels saw a modest US$200 increase, reaching US$5,400/day",auto,2026-09-15,"Baltic benchmark BLNG1 is Gladstone-Tokyo (east coast), not Karratha; segment-level for this route."
lng-australia-china-vessel,baseline,lng-australia-china,freight,Vessel class on this trade: LNG carrier.,,,structural,frtheedgemalaysi78fc6b,"On the BLNG1 Gladstone-Tokyo route, 174k cbm vessels remained unchanged at US$10,900/day. However, 160k cbm vessels saw a modest US$200 increase, reaching US$5,400/day",auto,2026-09-15,"Baltic benchmark BLNG1 loads at Gladstone (same origin), discharge Tokyo not China; segment-level."
lng-yamal-europe-vessel,baseline,lng-yamal-europe,freight,Vessel class on this trade: Arc7 LNG carrier.,,,structural,frcentreforhighnecd158,"Throughout the year, the core export volume was delivered by 14 Arc7 ice‑class LNG carriers, which operated continuously and performed 241 voyages.",auto,2026-09-15,2025 fleet statement for Yamal LNG overall; Arc4 and non-ice-class vessels worked only seasonally.
lng-yamal-europe-distance,baseline,lng-yamal-europe,freight,"Published sea distance for this voyage: about 2,750 nautical miles.","2,750",nautical miles,structural,froxfordinstitut5b08f6,"This is compared to journeys of 9 days (2,750nm) from Yamal LNG to Zeebrugge.",auto,2026-09-15,Routing: Sabetta to Zeebrugge (Barents/Norwegian Sea)
lng-yamal-europe-transit,baseline,lng-yamal-europe,freight,"Published transit time: 8.83 days (average, 2025).",,,structural,frcentreforhighnecd158,"The main route remained direct deliveries to European ports, which accounted for 203 voyages. Average sailing time from Sabetta to Europe was 8.83 days, and the average interval between consecutive voyages of the same vessel was about 22 days.",auto,2026-09-15,"Basis: average sailing time Sabetta to European ports, 203 voyages in 2025"
lng-yamal-china-nsr-vessel,baseline,lng-yamal-china-nsr,freight,Vessel class on this trade: Arc7 LNG carrier.,,,structural,frcentreforhighnecd158,"In addition, 28 voyages to Asia were made via the Northern Sea Route (NSR) between June and November, all by Arc7 vessels.",auto,2026-09-15,
coal-indonesia-china-vessel,baseline,coal-indonesia-china,freight,Vessel class on this trade: Panamax.,,,structural,frhellenicshippi4575d9,"Supramax and Panamax vessels together account for over 85% of tracked coal shipments, highlighting their dominant role in transporting Indonesian exports and reflecting the scale and operational structure of the country's coal logistics.",auto,2026-09-15,"Indonesia exports overall (all destinations), segment-level."
coal-indonesia-india-vessel,baseline,coal-indonesia-india,freight,Vessel class on this trade: Panamax.,,,structural,frhellenicshippid811fd,"The freight to move a 55,000 mt (plus/minus 10%) coal cargo on a Supramax ship from South Kalimantan in Indonesia to Paradip on east coast India was assessed at $21.30 Feb. 9, up $5.95/mt or almost 40% since Jan. 31.",auto,2026-09-15,Route-specific (South Kalimantan-Paradip) Platts assessment; same article notes Panamax rates on the route and that Supramax preference was tied to a shortage of floating cranes.
coal-australia-japan-vessel,baseline,coal-australia-japan,freight,Vessel class on this trade: Capesize.,,,structural,frworldcargonews5fecea,"According to BIMCO data, Panamax vessels are the main segment used to transport coal to the three markets, accounting for 58% of volumes, while Capesize vessels carry a further 31%.",auto,2026-09-15,"BIMCO share for coal to Japan, South Korea and the EU combined (all origins), segment-level."
coal-australia-korea-vessel,baseline,coal-australia-korea,freight,Vessel class on this trade: Capesize.,,,structural,frworldcargonews5fecea,"According to BIMCO data, Panamax vessels are the main segment used to transport coal to the three markets, accounting for 58% of volumes, while Capesize vessels carry a further 31%.",auto,2026-09-15,"BIMCO share for coal to Japan, South Korea and the EU combined (all origins), segment-level."
coal-australia-china-vessel,baseline,coal-australia-china,freight,Vessel class on this trade: Capesize.,,,structural,frbreakwaveadvisa061cd,"Although Capesizes carried most coal (all types) between Australia and China in 2023 and the 1H 2024, Panamaxes enjoyed a higher volume in both August and September , according to vessel tracking.",auto,2026-09-15,
coal-southafrica-india-vessel,baseline,coal-southafrica-india,freight,Vessel class on this trade: Panamax.,,,structural,frsafety4seaspgld7a5c9,"Platts assessed the daily Panamax freight rates from Richards Bay to India's west coast at $14.40/mt, down 10 cents from Monday, and to the east coast at $16/mt, unchanged on the day.",auto,2026-09-15,"Route-specific Platts Panamax assessment, but dated 2012."
coal-russia-china-vessel,baseline,coal-russia-china,freight,Vessel class on this trade: Panamax.,,,structural,frhellenicshippic1c872,"In Jan-Dec 2024, most coal volumes into China were loaded on Panamax vessels (52.3%), with 23.4% on Supramax and Ultramax vessels, 6.9% on Post-Panamaxes and 14.4% on Capesize tonnage.",auto,2026-09-15,"Segment-level: all coal imports into China (all origins), not Russia-specific."
coal-colombia-europe-vessel,baseline,coal-colombia-europe,freight,Vessel class on this trade: Capesize.,,,structural,frbmtibalticexch2c951b,"Bolivar to Rotterdam. 150,000mt or 160,000mt coal, 10% more or less in owner's option, free in and out, trimmed. Laydays/cancelling 20/35 days from index date. 50,000mt Sundays + holidays included load, 25,000mt Sundays + holidays included discharge. 12 hrs turn time at loading port, 12 hrs turn time at discharge port. Age max. 15 yrs. 5% total commission.",auto,2026-09-15,"Baltic Capesize route C7 (Bolivar to Rotterdam) definition; page undated, route status not verified for 2025."
iron-australia-china-vessel,baseline,iron-australia-china,freight,Vessel class on this trade: Capesize.,,,structural,frbmtibalticexch2c951b,"West Australia to Qingdao. 160,000mt or 170,000mt iron ore, 10% more or less in owner's option, free in and out.",auto,2026-09-15,Baltic Capesize route C5 definition (West Australia to Qingdao).
iron-australia-china-transit,baseline,iron-australia-china,freight,"Published transit time: 30–35 days (ROUND voyage (Australia-China rotation), not one-way).",,,structural,frdrewrymaritime858b45,"The Guinea-China round voyage is more than 90 days, almost three times the 30-35 days Australia-China rotation.",auto,2026-09-15,"Basis: ROUND voyage (Australia-China rotation), not one-way"
iron-brazil-china-vessel,baseline,iron-brazil-china,freight,Vessel class on this trade: VLOC / Valemax.,,,structural,frsouthchinamorn6b3e0d,"The fully-laden Valemax iron ore carrier, named Sea Maranhao, arrived at the Port of Yantai in Shandong province about mid-day local time on Wednesday after departing Brazil's Ponta Da Madeira Maritime Terminal on June 20, according to S&P Global Platts and maritime intelligence website MarineTraffic.",auto,2026-09-15,Cargo-level example from Ponta da Madeira. Baltic Capesize C3 (Tubarão to Qingdao) is the Capesize benchmark on Brazil-China (pages/bmti-bci.txt).
iron-brazil-europe-vessel,baseline,iron-brazil-europe,freight,Vessel class on this trade: Capesize.,,,structural,frbmtibalticexch2c951b,"Tubarao to Rotterdam. 160,000lt (long tons) iron ore, 10% more or less in owner's option, free in and out.",auto,2026-09-15,Baltic Capesize route C2 definition (Tubarão to Rotterdam).
iron-australia-japan-vessel,baseline,iron-australia-japan,freight,Vessel class on this trade: Capesize.,,,structural,frsouthchinamorn6b3e0d,"Australian miners, who mostly use smaller Capesize ships for the shorter journey.",auto,2026-09-15,"Segment-level (Australian ore to China, not Japan)."
iron-guinea-china-vessel,baseline,iron-guinea-china,freight,Vessel class on this trade: Newcastlemax.,,,structural,frbreakwaveadvis02af63,"Notably, the Newcastlemax Winning Youth engaged in the first Simandou shipments belongs to Winning International Group, which owns a fleet of 56 vessels (53 Capesizes and 3 VLOCs).",auto,2026-09-15,First-cargo vessel; Drewry and Breakwave frame the trade as Capesize demand.
iron-guinea-china-distance,baseline,iron-guinea-china,freight,"Published sea distance for this voyage: about 11,187 nautical miles.","11,187",nautical miles,structural,frbreakwaveadvis02af63,"For instance, a 180,000 Dwt Capesize sailing from Morebaya to Qingdao via the Sunda and Taiwan Straits covers roughly 11,187 nautical miles.",auto,2026-09-15,Routing: Morebaya to Qingdao via Sunda and Taiwan Straits (Cape of Good Hope implied); Destination Qingdao (route drawn to Majishan/Zhoushan); source routes via Sunda Strait whereas the map line uses Malacca.
iron-guinea-china-transit,baseline,iron-guinea-china,freight,Published transit time: about 108 days round voyage (about 81 days at sea).,,,structural,frbreakwaveadvis02af63,"A round voyage requires about 108 days based on eco speed, including roughly 81 days at sea.",auto,2026-09-15,"Basis: ROUND voyage at eco speed, 180,000 dwt Capesize"
grain-brazil-china-vessel,baseline,grain-brazil-china,freight,Vessel class on this trade: Kamsarmax.,,,structural,frsafety4seainte67ca15,"For now, Brazil-China soybean employment remains the main support for Panamax and Kamsarmax owners",auto,2026-09-15,Trade-level statement for Brazil-China soybeans (Intermodal). Same text on Breakwave (pages/b3_breakwave-soy.txt).
grain-usgulf-china-vessel,baseline,grain-usgulf-china,freight,Vessel class on this trade: Panamax.,,,structural,frbreakwaveadvis7183b5,"A laden Panamax from the US Gulf to Qingdao takes roughly 40 days via Panama compared with 61 days via the Cape, an increase of about 5,000 nautical miles or 42%.",auto,2026-09-15,"FreightWaves (2023-11-09, pages/b3_fw-suez.txt): 'U.S. grain cargoes are carried aboard vessels of the Panamax size or smaller, with capacity of 90,000 DWT or less'."
grain-usgulf-china-transit,baseline,grain-usgulf-china,freight,"Published transit time: roughly 40 days via Panama (61 days via the Cape) (laden Panamax, US Gulf to Qingdao).",,,structural,frbreakwaveadvis7183b5,"A laden Panamax from the US Gulf to Qingdao takes roughly 40 days via Panama compared with 61 days via the Cape, an increase of about 5,000 nautical miles or 42%.",auto,2026-09-15,"Basis: laden Panamax, US Gulf to Qingdao; speed not stated"
grain-uspnw-japan-vessel,baseline,grain-uspnw-japan,freight,Vessel class on this trade: Panamax.,,,structural,frfreightwaves25c794,"U.S. grain cargoes are carried aboard vessels of the Panamax size or smaller, with capacity of 90,000 DWT or less, as a result of terminal constraints in both the U.S. and Asia.",auto,2026-09-15,"All US grain exports, not PNW-Japan specifically."
grain-ukraine-egypt-vessel,baseline,grain-ukraine-egypt,freight,Vessel class on this trade: Panamax.,,,structural,frbreakwaveadvis4de579,"Given the relatively short distances for most of the trade, smaller vessel segments dominate. The segments smaller than panamaxes have carried around three-quarters of the grain exports from the region, with handysize vessels accounting for the largest share.",auto,2026-09-15,"All Black Sea grain exports (Signal Ocean, last four years); the same paragraph names Egypt as the leading destination."
grain-russia-egypt-vessel,baseline,grain-russia-egypt,freight,Vessel class on this trade: Supramax.,,,structural,frhellenicshippice5d2e,"The reduction, held across every week of the window, concentrated the remaining programme on Novorossiysk and fell most heavily on Handysize and Supramax employment.",auto,2026-09-15,"Russian wheat loadings at the four deep-sea Black Sea terminals (Signal, five weeks to 28 August 2026), all destinations. Breakwave (pages/b3_breakwave-blacksea.txt) gives Handysize as the largest share of Black Sea grain overall."
grain-argentina-china-vessel,baseline,grain-argentina-china,freight,Vessel class on this trade: Panamax.,,,structural,frhellenicshippi9668af,"At current volumes, Argentina's participation does not materially change the existing Panamax and Supramax percentage shares. However, if buyers adopt smaller parcel sizes or adjust scheduling, Supramax utilization could gradually increase. A key operational factor is Argentina's inland export system - most agricultural exports transit the Paraná-Paraguay waterway to the Rosario hub, where draft limitations can require partial loading at deeper-water ports.",auto,2026-09-15,"Written about Argentine wheat to China, not soy; the preceding sentence gives China-bound wheat as ~70% Panamax / ~20% Supramax (all origins)."
fert-gulf-brazil-vessel,baseline,fert-gulf-brazil,freight,Vessel class on this trade: Supramax.,,,structural,frshipfinexbloga1552a,"Fertilisers are the commodity I traded most at Maersk Broker in the Supramax segment. The trade flows follow agricultural calendars: potash from Canada (Vancouver) and Belarus/Russia (Baltic ports) to importers in South Asia, Southeast Asia, and Latin America; phosphate from Morocco (Jorf Lasfar) and the Western Sahara to Asia; urea from the Middle East (Jubail, Mesaieed) and China to global agricultural markets.",auto,2026-09-15,"Broker blog; names urea from Mesaieed within the Supramax segment but to 'global agricultural markets', not Brazil specifically. Breakwave (2024-08-02, pages/b3_breakwave-bigpic2024.txt) notes Panamax growth on Oman-Brazil fertiliser exports (different origin)."
fert-gulf-india-vessel,baseline,fert-gulf-india,freight,Vessel class on this trade: Supramax.,,,structural,frshipfinexbloga1552a,"A charterer booking a grain voyage from the Black Sea to a Mediterranean grain receiver, or a fertiliser shipment from Jubail to an Indian coastal terminal, will typically fix a Supramax",auto,2026-09-15,"Broker blog; Jubail (Saudi Arabia) to an Indian coastal terminal, not Ruwais-Mundra."
fert-canada-china-vessel,baseline,fert-canada-china,freight,Vessel class on this trade: Panamax.,,,structural,frmartool1bab57,Vancouver to Chinese ports. Panamax and Supramax. Voyage approximately 15-20 days. Multiple minor bulk commodities use this corridor.,auto,2026-09-15,"Heading on the line above: 'Canada (Vancouver) → China (sulphur / potash)'. Aggregator. BC Government (2011, pages/b3_bcgov-potash.txt): Canpotex's U-SEA COLONSAY 'capable of carrying approximately 60,000 tonnes of potash' serving Asia."
metals-guinea-china-vessel,baseline,metals-guinea-china,freight,Vessel class on this trade: Capesize.,,,structural,frbreakwaveadvisb584bd,"While Capesize vessels account for approximately 90% of the total shipments from Guinea to China, they only represent 6-8% of shipments from Australia to China. The majority of Australian shipments are transported using Overpanamax and Panamax vessels.",auto,2026-09-15,"Share of Guinea-China bauxite shipments (AXSMarine, Jan-May 2023)."
metals-guinea-china-transit,baseline,metals-guinea-china,freight,Published transit time: approximately 47 days.,,,structural,frbreakwaveadvisb584bd,"The average voyage duration from Guinea to China is approximately 47 days, whereas the journey from Indonesia to China takes around 12 days.",auto,2026-09-15,Basis: average voyage duration Guinea to China; speed not stated
metals-chile-china-vessel,baseline,metals-chile-china,freight,Vessel class on this trade: Supramax.,,,structural,frbreakwaveadvis2b2c73,"Supramaxes have seen a 20% YoY increase in copper concentrate shipments so far this year, as prices of the refined metal have soared by as much as 80% since the start of 2020. China is the biggest player in this market, pulling in tonnes from Chile and Peru.",auto,2026-09-15,Segment-level (2021). CommoFlow (pages/b3_commoflow-cu.txt): 'Concentrates are usually moved in Handysize or Supramax bulk carriers.'
metals-peru-china-vessel,baseline,metals-peru-china,freight,Vessel class on this trade: Supramax.,,,structural,frbreakwaveadvis2b2c73,"Supramaxes have seen a 20% YoY increase in copper concentrate shipments so far this year, as prices of the refined metal have soared by as much as 80% since the start of 2020. China is the biggest player in this market, pulling in tonnes from Chile and Peru.",auto,2026-09-15,Segment-level (2021); see CommoFlow note on metals-chile-china.
metals-drc-china-copper-vessel,baseline,metals-drc-china-copper,freight,Vessel class on this trade: Container ship.,,,structural,frcommoflowblogebfb40,"Cathodes, conversely, thrive on containerization. While they can be shipped as break-bulk in the hold of a vessel, the global standard is the 20-foot GP container.",auto,2026-09-15,"Generic statement on copper cathodes, not DRC-specific. Seamaster (pages/b3_seamaster-cu.txt) stores cathodes in Durban with CMA CGM and offers bulk or containerised shipments."
metals-australia-china-bauxite-vessel,baseline,metals-australia-china-bauxite,freight,Vessel class on this trade: Panamax.,,,structural,frbreakwaveadvisb584bd,"While Capesize vessels account for approximately 90% of the total shipments from Guinea to China, they only represent 6-8% of shipments from Australia to China. The majority of Australian shipments are transported using Overpanamax and Panamax vessels.",auto,2026-09-15,"Australia-China bauxite overall (Capesizes only 6-8%), Jan-May 2023. Cape York Weekly (pages/b3_cyw-weipa.txt) reports a record 99,431 t cargo from Weipa on a 'post panama class vessel' chartered for a larger than usual cargo."
metals-philippines-china-nickel-vessel,baseline,metals-philippines-china-nickel,freight,Vessel class on this trade: Supramax.,,,structural,frthesignalgroup3e8746,Supramax demand outpaces any other vessel class that loads in the Philippines.,auto,2026-09-15,All vessels loading in the Philippines (nickel ore context). Splash247/Braemar (pages/b3_splash-nickel.txt): nickel ore supports 'demand for supramaxes and ultramaxes'.
metals-philippines-indonesia-nickel-vessel,baseline,metals-philippines-indonesia-nickel,freight,Vessel class on this trade: Ultramax.,,,structural,frsplash247repor15bde9,"Broker Braemar said nickel ore had spent most of the 2020s as a relatively steady, short-haul Pacific trade, with shipments typically peaking in the second and third quarters and supporting demand for supramaxes and ultramaxes.",auto,2026-09-15,Nickel ore trade overall; the article names Indonesia as an emerging major buyer of Philippine ore.
metals-australia-china-lithium-vessel,baseline,metals-australia-china-lithium,freight,Vessel class on this trade: Panamax.,,,structural,frrareearthexcha808c1b,"Its estimated vessel mix-46% Panamax, 34% Supramax, and 20% Handysize-shows",auto,2026-09-15,"Drewry estimate for global spodumene trade, relayed by an aggregator; not route-specific."
metals-australia-indonesia-lithium-vessel,baseline,metals-australia-indonesia-lithium,freight,Vessel class on this trade: Panamax.,,,structural,frrareearthexcha808c1b,"Its estimated vessel mix-46% Panamax, 34% Supramax, and 20% Handysize-shows",auto,2026-09-15,"Global spodumene trade, overwhelmingly to China; Australia-Indonesia flows likely smaller parcels - not stated by source."
metals-gabon-china-manganese-vessel,baseline,metals-gabon-china-manganese,freight,Vessel class on this trade: Capesize.,,,structural,frerametc63911,"Comilog 's supply chain is evolving: manganese ore will now be partly loaded onto ""capesize"" ships that can carry up to 200,000 tons of ore - four times more than the 50,000-ton capacity of the ""supramax"" vessels traditionally used by Comilog.",auto,2026-09-15,"Company source (Comilog/Eramet), Owendo; destinations not limited to China."
metals-malaysia-china-rareearths-vessel,baseline,metals-malaysia-china-rareearths,freight,Vessel class on this trade: Container ship.,,,structural,framericanjournaf5dda6,"We pack twelve one tonne bags into a standard shipping container. Our containers are shipped from the Port of Kuantan to global destinations including Japanese ports and Chinese ports,"" replied the Lynas spokesperson. They use a variety of commercial carriers such as ONE and PIL,",auto,2026-09-15,Lynas separated rare earth products from Kuantan (2018).
metals-australia-malaysia-rareearths-vessel,baseline,metals-australia-malaysia-rareearths,freight,Vessel class on this trade: Container ship.,,,structural,framericanjournaf5dda6,"The rare earths concentrate is packed into 2.8 tonne (metric ton) bags in shipping containers and is transported by truck from Mt. Weld to Leonora. At Leonora, the shipping containers are transferred onto a train, and are transported by rail to the Port of Fremantle, Western Australia.",auto,2026-09-15,Lynas Mt Weld concentrate (2018); next sentence: containers go Fremantle to Kuantan 'usually via Singapore'.
metals-australia-malaysia-rareearths-transit,baseline,metals-australia-malaysia-rareearths,freight,"Published transit time: approximately 12-18 days (Fremantle to Kuantan, container service usually via Singapore (transhipment)).",,,structural,framericanjournaf5dda6,This process takes approximately 12-18 days from Fremantle to Kuantan.,auto,2026-09-15,"Basis: Fremantle to Kuantan, container service usually via Singapore (transhipment)"
speed-oil-tankers,baseline,vlcc|aframax|suezmax,freight,Average sailing speed of oil tankers: 11.4 knots (2024).,11.4,knots,2024,frsansimonduchre79efd0,"However, most other sectors experienced declines. The average speed of oil tankers dropped slightly (-0.4% to 11.4 knots), with larger decreases recorded among bulk carriers (-0.8% to 10.9 knots), car carriers (-0.9% to 15.0 knots), and large LPG carriers (-1.2% to 13.9 knots).",auto,2026-09-15,"2024 annual figure, provided only because no 2025 crude-tanker figure was found. Covers all oil tankers (crude and products)."
speed-product-tankers,baseline,lr2|mr,freight,Average sailing speed of product tankers: 11.2 knots (January-February 2025).,11.2,knots,January-February 2025,frmantenishiprep0b952d,"In the first two months of 2025, the average sailing speed of LNG carriers decreased by 2.0% to 14.6 knots compared to the average recorded in 2024; that of bulk carriers by 1.7% to 10.7 knots; and that of product tankers by 1.1% to 11.2 knots.",auto,2026-09-15,Percentage differs between relays (Manteniship/San Simon: -1.1%; Splash247: -1.7%) but the 11.2 knots figure is the same.
speed-lng-carriers,baseline,lng-carrier|arc7-lng,freight,Average sailing speed of LNG carriers: 14.6 knots (January-February 2025).,14.6,knots,January-February 2025,frmantenishiprep0b952d,"In the first two months of 2025, the average sailing speed of LNG carriers decreased by 2.0% to 14.6 knots compared to the average recorded in 2024; that of bulk carriers by 1.7% to 10.7 knots; and that of product tankers by 1.1% to 11.2 knots.",auto,2026-09-15,"Clarksons Research figure relayed by trade press; covers only the first two months of 2025, not the full year. Same figures in Splash247 (2025-03-10, pages/splash-speeds.txt) and San Simon & Duch (pages/lsansimon-1.txt). No full-year 2025 figure found in public sources; the Clarksons original (Creedon, 'Vessel speeds: On the way down', 7 March 2025, cited in UNCTAD RMT 2025) is paywalled."
speed-bulk-carriers,baseline,panamax|capesize|vloc|newcastlemax|kamsarmax|supramax|ultramax,freight,Average sailing speed of bulk carriers: 10.7 knots (January-February 2025).,10.7,knots,January-February 2025,frmantenishiprep0b952d,"In the first two months of 2025, the average sailing speed of LNG carriers decreased by 2.0% to 14.6 knots compared to the average recorded in 2024; that of bulk carriers by 1.7% to 10.7 knots; and that of product tankers by 1.1% to 11.2 knots.",auto,2026-09-15,All bulk carriers; no Capesize-specific 2025 average found. Same source says eco VLCCs and Capesizes sail about half a knot faster than conventional ships (no absolute figure).
speed-container-ships,baseline,container,freight,Average sailing speed of container ships: 14.7 knots (2025 year-to-date (to December 2025)).,14.7,knots,2025 year-to-date (to December 2025),frsafety4searepo21ffca,"Furthermore, despite increased port congestion, capacity-weighted average sailing speed has year-to-date 2025 fallen to 14.7 knots from 14.8 knots in 2024. Speeds, however, remain elevated compared to the 14.4 knots in 2023.",auto,2026-09-15,"BIMCO capacity-weighted average, not Clarksons; methodology differs from the Clarksons 2024 figure of 14.0 knots."
